image_id,predicted_class,confidence
G0010033.JPG,1,0.82746065
G0010117.JPG,1,0.7966026
G0010121.JPG,0,0.35530606
G0010124.JPG,1,0.5262908
G0010149.JPG,1,0.6051448
G0010153.JPG,1,0.6239899
G0010763.JPG,0,0.409517
G0010765.JPG,1,0.8698896
G0010766.JPG,1,0.77143764
G0010768.JPG,1,0.69763863
G0010770.JPG,1,0.7441959
G0011196.JPG,0,0.42930064
G0011243.JPG,1,0.61613065
G0011427.JPG,1,0.76705766
G0011474.JPG,1,0.5936932
G0011476.JPG,1,0.75811034
G0011491.JPG,0,0.124163866
G0011503.JPG,1,0.7523146
G0011504.JPG,1,0.8902677
G0011523.JPG,0,0.46518764
G0011524.JPG,0,0.35075936
G0011526.JPG,1,0.63626915
G0011555.JPG,1,0.6328922
G0011562.JPG,1,0.82644886
G0011563.JPG,1,0.82055485
G0011567.JPG,1,0.77640545
G0011573.JPG,1,0.7533051
G0011586.JPG,1,0.7155487
G0011587.JPG,1,0.6726844
G0011590.JPG,1,0.8984005
G0011601.JPG,0,0.3543811
G0011602.JPG,1,0.5147773
G0011603.JPG,1,0.616962
G0011610.JPG,1,0.9061212
G0011613.JPG,1,0.74845034
G0011621.JPG,1,0.7060232
G0011643.JPG,1,0.91095865
G0011661.JPG,0,0.23329358
G0011662.JPG,1,0.6023969
G0011664.JPG,0,0.28275922
G0011677.JPG,0,0.085377745
G0011678.JPG,0,0.07499353
G0011701.JPG,1,0.7823539
G0011702.JPG,1,0.96545494
G0011704.JPG,1,0.9677604
G0011705.JPG,1,0.94141793
G0011759.JPG,1,0.7590013
G0011760.JPG,1,0.9840364
G0011761.JPG,1,0.9895483
G0011763.JPG,1,0.86067957
G0011764.JPG,1,0.89118314
G0011766.JPG,1,0.9961514
G0011769.JPG,1,0.5322024
G0011770.JPG,1,0.6390331
G0011771.JPG,1,0.8603741
G0011772.JPG,1,0.9647307
G0011773.JPG,1,0.9470983
G0011775.JPG,1,0.9453889
G0011866.JPG,1,0.7191711
G0011870.JPG,1,0.89735144
G0011872.JPG,1,0.86970794
G0011873.JPG,1,0.85795903
G0011874.JPG,1,0.8554355
G0011875.JPG,1,0.8686679
G0011876.JPG,1,0.73529035
G0011877.JPG,1,0.80952907
G0011878.JPG,1,0.6886524
G0011881.JPG,1,0.82818836
G0011935.JPG,1,0.6035188
G0011938.JPG,1,0.73681647
G0011939.JPG,1,0.7814219
G0011940.JPG,1,0.9517351
G0011941.JPG,1,0.9144085
G0011942.JPG,1,0.86923605
G0011947.JPG,1,0.95309746
G0011952.JPG,1,0.83651686
G0011953.JPG,1,0.70509404
G0011958.JPG,1,0.67875004
G0011966.JPG,0,0.2929277
G0011969.JPG,1,0.77701163
G0011970.JPG,1,0.78557104
G0011975.JPG,1,0.8621878
G0011977.JPG,1,0.8294968
G0011978.JPG,1,0.81210077
G0011981.JPG,1,0.74055755
G0011986.JPG,1,0.84270453
G0011990.JPG,1,0.5646148
G0012011.JPG,0,0.09721742
G0012012.JPG,0,0.13197884
G0012022.JPG,0,0.48439917
G0012023.JPG,0,0.25676945
G0015965.JPG,0,0.35191151
G0016154.JPG,0,0.4658893
G0016156.JPG,1,0.55051243
G0016157.JPG,1,0.63133293
G0016163.JPG,1,0.5069063
G0016169.JPG,0,0.19622138
G0016204.JPG,0,0.41231045
G0016209.JPG,0,0.4526377
G0016210.JPG,1,0.57441646
G0016229.JPG,1,0.7561147
G0016232.JPG,1,0.5340181
G0016233.JPG,1,0.6442102
G0016234.JPG,1,0.50328267
G0016237.JPG,0,0.27195233
G0016238.JPG,0,0.2956585
G0016240.JPG,0,0.49507803
G0016241.JPG,0,0.14731194
G0016242.JPG,0,0.18405655
G0016245.JPG,0,0.43644023
G0016297.JPG,0,0.04096343
G0016298.JPG,0,0.024745429
G0016299.JPG,0,0.059866685
G0016303.JPG,0,0.1386667
G0016306.JPG,0,0.031758703
G0016307.JPG,0,0.026876545
G0016308.JPG,0,0.009879165
G0016312.JPG,0,0.08611537
G0016316.JPG,0,0.15728337
G0016324.JPG,0,0.038364235
G0016325.JPG,0,0.09022109
G0016327.JPG,0,0.055197157
G0016328.JPG,0,0.0757549
G0016330.JPG,0,0.2675947
G0016337.JPG,0,0.036707595
G0016338.JPG,0,0.028260514
G0016343.JPG,0,0.16840613
G0016344.JPG,0,0.080816954
G0016345.JPG,0,0.05575813
G0016348.JPG,0,0.13595054
G0016349.JPG,0,0.13050947
G0016354.JPG,0,0.03831469
G0016366.JPG,0,0.17122641
G0016374.JPG,0,0.067169465
G0016375.JPG,0,0.093527526
G0016376.JPG,0,0.060383353
G0016380.JPG,0,0.120798595
G0016386.JPG,0,0.034296796
G0016387.JPG,0,0.026150785
G0016397.JPG,0,0.035971712
G0016423.JPG,0,0.10291104
G0016424.JPG,0,0.09293636
G0016425.JPG,0,0.17395486
G0016433.JPG,0,0.054563947
G0016437.JPG,0,0.07972975
G0016439.JPG,0,0.19568498
G0016440.JPG,0,0.045204923
G0016443.JPG,0,0.19783723
G0016444.JPG,0,0.16087335
G0016445.JPG,0,0.21398105
G0016446.JPG,0,0.11959059
G0016447.JPG,0,0.25500283
G0016467.JPG,1,0.6178245
G0016468.JPG,1,0.7042201
G0016469.JPG,1,0.5391375
G0016499.JPG,0,0.3898497
G0016500.JPG,1,0.6350618
G0016501.JPG,0,0.36788636
G0016503.JPG,0,0.4070857
G0016515.JPG,0,0.49480784
G0016516.JPG,0,0.42108375
G0016517.JPG,0,0.20456283
G0016520.JPG,0,0.2428108
G0016523.JPG,0,0.28084913
G0016525.JPG,0,0.20273735
G0016526.JPG,0,0.04428111
G0016532.JPG,0,0.18778776
G0016533.JPG,0,0.17139362
G0016538.JPG,0,0.23274161
G0016539.JPG,0,0.28674328
G0016544.JPG,0,0.2584464
G0016547.JPG,0,0.22460657
G0016553.JPG,0,0.28796375
G0016554.JPG,0,0.1909228
G0016555.JPG,0,0.31543127
G0016556.JPG,0,0.062397886
G0016557.JPG,0,0.055037744
G0016558.JPG,0,0.06527611
G0016559.JPG,0,0.022681441
G0016560.JPG,0,0.020915719
G0016561.JPG,0,0.021223502
G0016563.JPG,0,0.03782764
G0016583.JPG,0,0.33402795
G0016584.JPG,0,0.3732681
G0016585.JPG,0,0.33491185
G0016586.JPG,0,0.106936075
G0016587.JPG,0,0.02360377
G0016588.JPG,0,0.06330196
G0016589.JPG,0,0.13371755
G0016591.JPG,0,0.017936628
G0016592.JPG,0,0.023528501
G0016593.JPG,0,0.022346634
G0016594.JPG,0,0.018871881
G0016596.JPG,0,0.012269998
G0016598.JPG,0,0.010672768
G0016600.JPG,0,0.04968274
G0016601.JPG,0,0.0191363
G0016603.JPG,0,0.012966498
G0016608.JPG,0,0.25011462
G0016611.JPG,0,0.12420853
G0016614.JPG,0,0.1400402
G0016618.JPG,0,0.05735427
G0016619.JPG,0,0.021148123
G0016620.JPG,0,0.019264169
G0016621.JPG,0,0.022593403
G0016622.JPG,0,0.109803826
G0016623.JPG,0,0.0573287
G0016626.JPG,0,0.09304126
G0016628.JPG,0,0.086737834
G0016629.JPG,0,0.04875858
G0016639.JPG,0,0.15682508
G0016640.JPG,0,0.16425592
G0016641.JPG,0,0.07888941
G0016644.JPG,0,0.2578109
G0016646.JPG,1,0.6822266
G0016649.JPG,0,0.17414232
G0016653.JPG,0,0.07221972
G0016659.JPG,0,0.086853564
G0016663.JPG,0,0.34763315
G0016664.JPG,0,0.11497604
G0016704.JPG,0,0.06652587
G0016705.JPG,0,0.11125458
G0016706.JPG,0,0.04476284
G0016711.JPG,0,0.22458853
G0016712.JPG,0,0.031346835
G0016715.JPG,0,0.029330485
G0016716.JPG,0,0.030578695
G0016717.JPG,0,0.051084157
G0016718.JPG,0,0.16775551
G0016719.JPG,0,0.18456195
G0016721.JPG,0,0.1402306
G0016726.JPG,0,0.024772314
G0016735.JPG,0,0.009723479
G0016736.JPG,0,0.04346813
G0016738.JPG,1,0.5175041
G0016740.JPG,0,0.4776506
G0020197.JPG,1,0.7697552
G0020206.JPG,1,0.968434
G0020212.JPG,1,0.9058557
G0022106.JPG,1,0.73828125
G0022107.JPG,1,0.7860957
G0022108.JPG,1,0.7002093
G0022110.JPG,1,0.9075931
G0024292.JPG,1,0.9401967
G0024294.JPG,1,0.9782447
G0024295.JPG,1,0.9496746
G0024296.JPG,1,0.70264983
G0024589.JPG,1,0.83351976
G0024718.JPG,1,0.9453626
G0024745.JPG,1,0.9054661
G0024747.JPG,1,0.88845223
G0024749.JPG,1,0.9183179
G0024751.JPG,1,0.9373171
G0024753.JPG,1,0.9622125
G0024826.JPG,1,0.5856468
G0025080.JPG,1,0.8979361
G0025381.JPG,1,0.5738733
G0025382.JPG,1,0.83042586
G0025383.JPG,1,0.5518377
G0025386.JPG,0,0.49011797
G0025388.JPG,1,0.66593266
G0025389.JPG,1,0.63733536
G0025406.JPG,1,0.5647379
G0025407.JPG,1,0.7161091
G0025408.JPG,1,0.93888867
G0025665.JPG,0,0.22238015
G0025822.JPG,1,0.60840905
G0025824.JPG,1,0.9734267
G0025836.JPG,1,0.7903638
G0025979.JPG,1,0.5988018
G0025981.JPG,1,0.6864487
G0025986.JPG,1,0.57631236
G0025987.JPG,1,0.7116894
G0026516.JPG,1,0.95410115
G0026517.JPG,1,0.6470296
G0026518.JPG,1,0.55115205
G0026519.JPG,0,0.28312337
G0026520.JPG,0,0.18156818
G0026756.JPG,0,0.02603146
G0026794.JPG,0,0.00984089
G0026795.JPG,0,0.009082583
G0026801.JPG,1,0.9480807
G0026824.JPG,0,0.119087875
G0026832.JPG,0,0.23069538
G0026834.JPG,0,0.15370919
G0026869.JPG,0,0.31815928
G0026870.JPG,0,0.10207392
G0026873.JPG,0,0.14481592
G0026874.JPG,0,0.11211256
G0026876.JPG,0,0.06818208
G0026877.JPG,0,0.03168201
G0026879.JPG,0,0.018177038
G0026880.JPG,0,0.042851355
G0026883.JPG,0,0.12255517
G0026884.JPG,0,0.05809193
G0026885.JPG,0,0.040997818
G0026886.JPG,0,0.28312665
G0026894.JPG,0,0.2519507
G0026953.JPG,1,0.87659425
G0026954.JPG,1,0.87192863
G0026982.JPG,0,0.023729274
G0027023.JPG,0,0.043085914
G0027024.JPG,0,0.22175114
G0027028.JPG,0,0.0054606833
G0027032.JPG,0,0.021636339
G0027034.JPG,0,0.030196827
G0027035.JPG,0,0.029582223
G0027036.JPG,0,0.008119496
G0027037.JPG,0,0.021625243
G0027045.JPG,0,0.12833533
G0027046.JPG,0,0.036400516
G0027048.JPG,0,0.058842003
G0027049.JPG,0,0.06833555
G0027075.JPG,0,0.010796289
G0027076.JPG,0,0.0039086365
G0027077.JPG,0,0.021524198
G0027078.JPG,0,0.023848157
G0027107.JPG,0,0.16572978
G0027108.JPG,0,0.22596806
G0027109.JPG,0,0.04456357
G0027110.JPG,0,0.024087582
G0027111.JPG,0,0.038431134
G0027113.JPG,0,0.041755866
G0027114.JPG,0,0.013142553
G0027115.JPG,0,0.024244035
G0027127.JPG,0,0.06352969
G0027135.JPG,0,0.08705295
G0027153.JPG,0,0.14191377
G0027154.JPG,0,0.090547405
G0027155.JPG,0,0.037956044
G0027157.JPG,0,0.030061347
G0027161.JPG,0,0.01798327
G0027163.JPG,0,0.020289358
G0027165.JPG,0,0.13513313
G0027171.JPG,0,0.031898797
G0027172.JPG,0,0.016399216
G0027173.JPG,0,0.015516995
G0027174.JPG,0,0.01139707
G0027175.JPG,0,0.0133017525
G0027176.JPG,0,0.0057131024
G0027177.JPG,0,0.01608224
G0027178.JPG,0,0.037156664
G0027179.JPG,0,0.014873518
G0027180.JPG,0,0.020245567
G0027182.JPG,0,0.013849789
G0027184.JPG,0,0.045769475
G0027186.JPG,0,0.022192778
G0027188.JPG,0,0.095277965
G0027189.JPG,0,0.18554637
G0027190.JPG,1,0.52354187
G0027191.JPG,0,0.054521658
G0027192.JPG,0,0.07290554
G0027193.JPG,0,0.017961096
G0027194.JPG,0,0.062443845
G0027195.JPG,0,0.041802295
G0027196.JPG,0,0.014374693
G0027197.JPG,0,0.05471261
G0027199.JPG,0,0.046331853
G0027200.JPG,0,0.01973322
G0027202.JPG,0,0.024939239
G0027203.JPG,0,0.031348754
G0027204.JPG,0,0.018469045
G0027205.JPG,0,0.01389312
G0027206.JPG,0,0.035752606
G0027207.JPG,0,0.093338735
G0027209.JPG,0,0.017791394
G0027210.JPG,0,0.013429757
G0027211.JPG,0,0.030867929
G0027226.JPG,1,0.64415205
G0027229.JPG,0,0.28795192
G0027230.JPG,0,0.09999676
G0027231.JPG,0,0.366547
G0027232.JPG,0,0.13772553
G0027237.JPG,0,0.07933419
G0027238.JPG,0,0.065843835
G0027239.JPG,0,0.09766328
G0027240.JPG,0,0.059244808
G0027241.JPG,0,0.19719917
G0027242.JPG,0,0.08575312
G0027243.JPG,0,0.030200288
G0027245.JPG,0,0.12684317
G0027252.JPG,0,0.084206685
G0027253.JPG,0,0.047873005
G0027254.JPG,0,0.046081733
G0027258.JPG,0,0.06797248
G0027261.JPG,0,0.053962007
G0027262.JPG,0,0.01951861
G0027263.JPG,0,0.039690007
G0027265.JPG,0,0.056471627
G0027266.JPG,0,0.050069734
G0027267.JPG,0,0.025891371
G0027268.JPG,0,0.021414896
G0027269.JPG,1,0.76909935
G0027270.JPG,1,0.76454407
G0027271.JPG,1,0.58900106
G0027281.JPG,1,0.90587753
G0027282.JPG,1,0.62915546
G0027283.JPG,1,0.80152667
G0027286.JPG,1,0.7772976
G0027310.JPG,0,0.13227852
G0027311.JPG,0,0.4040187
G0027312.JPG,0,0.42746913
G0027313.JPG,1,0.5323684
G0027316.JPG,0,0.20760983
G0027329.JPG,0,0.07843927
G0027330.JPG,0,0.111948736
G0027331.JPG,0,0.09080392
G0027332.JPG,0,0.113136105
G0027333.JPG,0,0.057214715
G0027334.JPG,0,0.05702019
G0027345.JPG,0,0.027658619
G0027346.JPG,0,0.06578753
G0027347.JPG,0,0.01841534
G0027348.JPG,0,0.039064758
G0027350.JPG,0,0.051607285
G0027351.JPG,0,0.023765648
G0027352.JPG,0,0.044590935
G0027353.JPG,0,0.11969286
G0027355.JPG,0,0.43599603
G0027356.JPG,1,0.5747065
G0027358.JPG,0,0.07608951
G0027361.JPG,0,0.083070464
G0027362.JPG,0,0.030901525
G0027363.JPG,0,0.06813768
G0027365.JPG,0,0.07056199
G0027366.JPG,0,0.22580148
G0027367.JPG,0,0.0948392
G0027368.JPG,0,0.057685837
G0027369.JPG,0,0.016891966
G0027378.JPG,0,0.014689623
G0027380.JPG,0,0.02717398
G0027384.JPG,0,0.0358088
G0027386.JPG,0,0.051087756
G0027388.JPG,0,0.18177395
G0027390.JPG,0,0.07009949
G0027398.JPG,0,0.087838165
G0027399.JPG,0,0.15478899
G0027400.JPG,0,0.046025425
G0027401.JPG,0,0.06273294
G0027402.JPG,0,0.19949023
G0027408.JPG,1,0.68947893
G0027413.JPG,0,0.0706337
G0027415.JPG,0,0.036242545
G0027417.JPG,0,0.05972485
G0027418.JPG,0,0.097713836
G0027426.JPG,0,0.024021532
G0027427.JPG,0,0.04177366
G0027428.JPG,0,0.032341212
G0027429.JPG,0,0.036897134
G0027430.JPG,0,0.08806004
G0027432.JPG,0,0.02649077
G0027433.JPG,0,0.028168902
G0027435.JPG,0,0.033583432
G0027436.JPG,0,0.030011982
G0027439.JPG,0,0.03401126
G0027441.JPG,0,0.046545047
G0027445.JPG,0,0.017140884
G0027446.JPG,0,0.02844772
G0027447.JPG,0,0.0604675
G0027448.JPG,0,0.027063552
G0027449.JPG,0,0.09618832
G0027450.JPG,0,0.027150419
G0027451.JPG,0,0.034277573
G0027457.JPG,0,0.06980721
G0027459.JPG,0,0.06888219
G0027460.JPG,0,0.04909399
G0027463.JPG,0,0.039706066
G0027465.JPG,0,0.06608172
G0027466.JPG,0,0.018034806
G0027467.JPG,0,0.039922435
G0027471.JPG,0,0.026049867
G0027472.JPG,0,0.012919652
G0027474.JPG,0,0.02380541
G0027475.JPG,0,0.04101192
G0027476.JPG,0,0.02482932
G0027478.JPG,0,0.042690706
G0027481.JPG,0,0.03572629
G0027482.JPG,0,0.028916493
G0027483.JPG,0,0.06146797
G0027485.JPG,0,0.013818649
G0027486.JPG,0,0.114043236
G0027488.JPG,0,0.08328273
G0027489.JPG,0,0.05122715
G0027490.JPG,0,0.08395958
G0027491.JPG,0,0.22543082
G0027498.JPG,0,0.13249283
G0027499.JPG,0,0.116978414
G0027500.JPG,0,0.060043823
G0027501.JPG,0,0.32886392
G0027502.JPG,0,0.23317218
G0027503.JPG,0,0.27667597
G0027504.JPG,0,0.0831379
G0027505.JPG,0,0.225288
G0027506.JPG,0,0.2316607
G0027509.JPG,0,0.17302768
G0027514.JPG,0,0.057719503
G0027515.JPG,0,0.3712491
G0027516.JPG,0,0.19196774
G0027518.JPG,0,0.11845715
G0027527.JPG,1,0.89802885
G0027532.JPG,0,0.09995986
G0027533.JPG,0,0.0108567
G0027534.JPG,0,0.04232344
G0027535.JPG,0,0.039226506
G0027536.JPG,0,0.1313026
G0027538.JPG,0,0.020194607
G0027539.JPG,0,0.026928537
G0027540.JPG,0,0.102831125
G0027541.JPG,0,0.10901835
G0027542.JPG,0,0.051549155
G0027545.JPG,0,0.08269472
G0027546.JPG,0,0.04314946
G0027550.JPG,0,0.19820628
G0027562.JPG,0,0.20402446
G0027563.JPG,0,0.33181018
G0027564.JPG,0,0.2740384
G0027570.JPG,0,0.09563124
G0027590.JPG,1,0.8902049
G0027591.JPG,1,0.96263826
G0027618.JPG,0,0.07983223
G0027630.JPG,0,0.03848272
G0027636.JPG,0,0.0358355
G0027637.JPG,0,0.08492543
G0027638.JPG,0,0.2014118
G0027639.JPG,0,0.26076683
G0027662.JPG,1,0.93184495
G0027670.JPG,0,0.11113221
G0027689.JPG,0,0.30191696
G0027690.JPG,0,0.1620452
G0027691.JPG,0,0.198853
G0027692.JPG,0,0.34512475
G0027693.JPG,0,0.48542646
G0027694.JPG,0,0.34951064
G0027695.JPG,0,0.34283632
G0027698.JPG,1,0.6228699
G0027699.JPG,1,0.7896365
G0027727.JPG,0,0.3374501
G0027737.JPG,0,0.11668191
G0027738.JPG,0,0.17743239
G0027739.JPG,0,0.33571693
G0027740.JPG,0,0.42165405
G0027797.JPG,0,0.13047734
G0027798.JPG,1,0.59842145
G0027799.JPG,1,0.6800026
G0027800.JPG,0,0.20677963
G0027801.JPG,0,0.42049325
G0027802.JPG,1,0.58244395
G0027833.JPG,0,0.09802113
G0027848.JPG,0,0.053408347
G0027849.JPG,0,0.08227097
G0027850.JPG,0,0.086270854
G0027851.JPG,0,0.025229769
G0027852.JPG,0,0.060091637
G0027856.JPG,0,0.03823487
G0027857.JPG,0,0.061201405
G0027858.JPG,0,0.1310179
G0027860.JPG,1,0.93929124
G0027861.JPG,1,0.9769702
G0027870.JPG,1,0.6956952
G0027876.JPG,0,0.10485382
G0027877.JPG,0,0.15032504
G0027878.JPG,1,0.850788
G0027879.JPG,1,0.82124573
G0027887.JPG,0,0.075202495
G0027888.JPG,0,0.06391379
G0027889.JPG,0,0.014987151
G0027890.JPG,0,0.026022717
G0027891.JPG,0,0.02664328
G0027892.JPG,0,0.0019596543
G0027893.JPG,0,0.045866545
G0027894.JPG,1,0.94625604
G0027896.JPG,0,0.23423567
G0027897.JPG,0,0.07115717
G0027902.JPG,0,0.047428623
G0027903.JPG,0,0.007315763
G0027904.JPG,0,0.015283215
G0027905.JPG,0,0.0029808288
G0027906.JPG,0,0.0032095492
G0027922.JPG,0,0.008032131
G0027923.JPG,0,0.04954361
G0027931.JPG,1,0.9842089
G0027932.JPG,1,0.995808
G0027933.JPG,0,0.21066576
G0027934.JPG,0,0.0055410764
G0027935.JPG,0,0.006449618
G0027936.JPG,0,0.018289758
G0027937.JPG,0,0.022693861
G0027954.JPG,0,0.17949058
G0027955.JPG,0,0.31092864
G0027957.JPG,0,0.38967288
G0027958.JPG,0,0.06988353
G0027959.JPG,0,0.054024268
G0027960.JPG,0,0.035466105
G0027961.JPG,0,0.049724113
G0027962.JPG,0,0.046146084
G0027963.JPG,0,0.36477962
G0027965.JPG,1,0.54806536
G0027975.JPG,1,0.76019496
G0027976.JPG,1,0.95335567
G0027977.JPG,0,0.16373599
G0027978.JPG,0,0.15126249
G0027979.JPG,0,0.2499775
G0027981.JPG,0,0.19058084
G0027982.JPG,0,0.21808793
G0027983.JPG,0,0.21037777
G0027987.JPG,0,0.1445589
G0027988.JPG,0,0.11477358
G0027989.JPG,0,0.07512929
G0027990.JPG,0,0.10722714
G0027991.JPG,0,0.09860334
G0027992.JPG,1,0.87805754
G0027993.JPG,1,0.8990237
G0027994.JPG,0,0.4540326
G0027995.JPG,0,0.18561447
G0027996.JPG,0,0.345668
G0027999.JPG,0,0.19124207
G0028000.JPG,0,0.18061909
G0028001.JPG,0,0.08460257
G0028002.JPG,0,0.20168208
G0028003.JPG,0,0.1622436
G0028004.JPG,0,0.0084027285
G0028014.JPG,0,0.04068441
G0028015.JPG,0,0.0341635
G0028022.JPG,0,0.1308498
G0028023.JPG,0,0.052325442
G0028024.JPG,0,0.23365985
G0028026.JPG,0,0.024050537
G0028027.JPG,0,0.15978293
G0028028.JPG,0,0.120091125
G0028040.JPG,0,0.3927289
G0028041.JPG,0,0.32629007
G0028042.JPG,1,0.58956766
G0028043.JPG,1,0.56812686
G0028046.JPG,0,0.4337525
G0028047.JPG,0,0.3409847
G0028048.JPG,0,0.34685117
G0028049.JPG,0,0.4104557
G0028050.JPG,0,0.34027866
G0028051.JPG,0,0.24171881
G0028052.JPG,0,0.33000594
G0028053.JPG,0,0.45318586
G0028054.JPG,0,0.44728127
G0028055.JPG,0,0.34937704
G0028056.JPG,0,0.4080062
G0028057.JPG,0,0.39925423
G0028058.JPG,0,0.39511827
G0028059.JPG,0,0.31351295
G0028060.JPG,0,0.45469677
G0028063.JPG,0,0.4051881
G0028065.JPG,0,0.31105396
G0028066.JPG,0,0.29935926
G0028068.JPG,0,0.3733257
G0028070.JPG,0,0.4412774
G0028071.JPG,0,0.42940345
G0028072.JPG,1,0.5034215
G0028075.JPG,0,0.2387783
G0028076.JPG,0,0.276282
G0028080.JPG,0,0.34219027
G0028081.JPG,0,0.36665434
G0028082.JPG,0,0.36088285
G0028083.JPG,0,0.26930836
G0028087.JPG,0,0.20676637
G0028088.JPG,0,0.24936017
G0028089.JPG,0,0.20219988
G0028090.JPG,0,0.08523452
G0028091.JPG,0,0.16670264
G0028096.JPG,0,0.12201143
G0028097.JPG,0,0.031730045
G0028100.JPG,0,0.062626794
G0028102.JPG,0,0.057337347
G0028103.JPG,0,0.07708694
G0028104.JPG,0,0.02041871
G0028105.JPG,0,0.07650204
G0028106.JPG,0,0.045638792
G0028107.JPG,0,0.009633344
G0028109.JPG,0,0.048494983
G0028110.JPG,0,0.035855904
G0028112.JPG,0,0.04279153
G0028113.JPG,0,0.01707095
G0028115.JPG,0,0.0058491454
G0028118.JPG,0,0.2782294
G0028119.JPG,0,0.038489364
G0028120.JPG,0,0.24526998
G0028123.JPG,0,0.009833974
G0028124.JPG,0,0.017122619
G0028131.JPG,0,0.4820618
G0028132.JPG,0,0.40276054
G0028134.JPG,0,0.24644381
G0028135.JPG,0,0.30371085
G0028136.JPG,0,0.2651574
G0028137.JPG,0,0.42772663
G0028138.JPG,0,0.21094157
G0028142.JPG,1,0.6166533
G0028143.JPG,1,0.6156322
G0028144.JPG,1,0.5904656
G0028145.JPG,0,0.46276155
G0028158.JPG,1,0.93918294
G0028159.JPG,1,0.95079947
G0028163.JPG,0,0.00808225
G0028164.JPG,0,0.05911347
G0028166.JPG,0,0.053212952
G0028167.JPG,0,0.0556471
G0028170.JPG,0,0.10433268
G0028177.JPG,0,0.049714856
G0028178.JPG,0,0.08643959
G0028180.JPG,0,0.012125481
G0028181.JPG,0,0.026639268
G0028185.JPG,0,0.08868226
G0028186.JPG,0,0.07000918
G0028187.JPG,0,0.089615434
G0028193.JPG,0,0.35074556
G0028194.JPG,0,0.06125378
G0028195.JPG,0,0.10207946
G0028196.JPG,0,0.1465274
G0028197.JPG,0,0.07024301
G0028198.JPG,0,0.32412156
G0028199.JPG,0,0.30103225
G0028200.JPG,0,0.14206184
G0028201.JPG,0,0.12134265
G0028205.JPG,0,0.27304795
G0028206.JPG,0,0.08623923
G0028209.JPG,0,0.23585437
G0028210.JPG,0,0.27898547
G0028214.JPG,0,0.30416405
G0028216.JPG,0,0.049719494
G0028234.JPG,0,0.00792337
G0028259.JPG,1,0.6578253
G0028260.JPG,1,0.6583113
G0028261.JPG,0,0.41124448
G0028267.JPG,0,0.35008675
G0028268.JPG,1,0.51217586
G0028270.JPG,0,0.044739883
G0028271.JPG,0,0.14843395
G0028272.JPG,0,0.2000503
G0028273.JPG,0,0.36644462
G0028274.JPG,1,0.7953142
G0028275.JPG,1,0.5410362
G0028278.JPG,0,0.24765871
G0028279.JPG,0,0.3196728
G0028280.JPG,0,0.34354407
G0028281.JPG,0,0.2790015
G0028282.JPG,1,0.76253396
G0028283.JPG,0,0.42648494
G0028284.JPG,1,0.66528726
G0028285.JPG,1,0.53932816
G0028286.JPG,0,0.22481576
G0028288.JPG,0,0.07081452
G0028289.JPG,0,0.06243733
G0028298.JPG,1,0.5626924
G0028300.JPG,1,0.88057774
G0028301.JPG,1,0.97091013
G0028302.JPG,1,0.9509131
G0028303.JPG,1,0.94173837
G0028304.JPG,1,0.9727438
G0028305.JPG,1,0.9108966
G0028321.JPG,0,0.23520085
G0028322.JPG,0,0.26737106
G0028323.JPG,0,0.28116748
G0028327.JPG,0,0.024644788
G0028328.JPG,0,0.0665005
G0028334.JPG,0,0.017626869
G0028335.JPG,0,0.08328439
G0028336.JPG,0,0.12153719
G0028338.JPG,0,0.3070588
G0028339.JPG,0,0.4436524
G0028340.JPG,0,0.07938068
G0028344.JPG,0,0.025845347
G0028345.JPG,0,0.10892116
G0028346.JPG,0,0.06474183
G0028347.JPG,0,0.0437769
G0028349.JPG,0,0.06392638
G0028355.JPG,0,0.026016794
G0028367.JPG,1,0.9785261
G0028385.JPG,0,0.13309763
G0028387.JPG,0,0.10587133
G0028388.JPG,0,0.13440603
G0028390.JPG,0,0.02987006
G0028391.JPG,0,0.023027329
G0028392.JPG,1,0.96244276
G0028393.JPG,1,0.9882096
G0028394.JPG,0,0.18840373
G0028395.JPG,0,0.045814436
G0028396.JPG,0,0.11013844
G0028397.JPG,0,0.20097391
G0028399.JPG,0,0.05990815
G0028400.JPG,0,0.13720353
G0028401.JPG,0,0.12519756
G0028409.JPG,0,0.16139634
G0028411.JPG,1,0.5360594
G0028412.JPG,0,0.33827132
G0028413.JPG,0,0.450294
G0028414.JPG,0,0.37950632
G0028415.JPG,1,0.87591994
G0028416.JPG,0,0.23174313
G0028417.JPG,0,0.19691516
G0028418.JPG,0,0.16181165
G0028419.JPG,0,0.03400184
G0028422.JPG,0,0.21718448
G0028424.JPG,0,0.48761883
G0028429.JPG,0,0.16149646
G0028430.JPG,0,0.014446122
G0028431.JPG,0,0.024598792
G0028432.JPG,0,0.029738896
G0028433.JPG,0,0.026829341
G0028434.JPG,1,0.973765
G0028435.JPG,1,0.9696596
G0028436.JPG,0,0.014125621
G0028437.JPG,0,0.015346964
G0028438.JPG,0,0.004432406
G0028439.JPG,1,0.97000074
G0028440.JPG,0,0.032107737
G0028445.JPG,0,0.0171153
G0028446.JPG,0,0.038046505
G0028447.JPG,0,0.011112047
G0028450.JPG,0,0.022281075
G0028453.JPG,0,0.041979235
G0028454.JPG,0,0.029346677
G0028455.JPG,0,0.013090089
G0028456.JPG,0,0.012532582
G0028465.JPG,0,0.06908455
G0028466.JPG,0,0.039329514
G0028467.JPG,0,0.053874712
G0028470.JPG,0,0.049876343
G0028471.JPG,1,0.66992813
G0028472.JPG,1,0.90365845
G0028473.JPG,0,0.055318214
G0028474.JPG,0,0.04446959
G0028475.JPG,0,0.04007656
G0028476.JPG,0,0.078616925
G0028477.JPG,0,0.040007014
G0028479.JPG,0,0.040168777
G0028480.JPG,1,0.9675724
G0028481.JPG,0,0.036140982
G0028483.JPG,0,0.05974532
G0028486.JPG,1,0.9825463
G0028487.JPG,0,0.14354734
G0028488.JPG,0,0.06684768
G0028489.JPG,0,0.023769371
G0028490.JPG,1,0.9794008
G0028491.JPG,0,0.045075275
G0028492.JPG,0,0.12867609
G0028493.JPG,0,0.15394676
G0028495.JPG,1,0.9305637
G0028496.JPG,0,0.0978795
G0028499.JPG,0,0.12439288
G0028500.JPG,0,0.020123828
G0028501.JPG,0,0.024033599
G0028502.JPG,0,0.09140592
G0028504.JPG,0,0.05962481
G0028505.JPG,0,0.007980505
G0028506.JPG,1,0.9500043
G0028507.JPG,0,0.01641946
G0028508.JPG,0,0.009890142
G0028509.JPG,0,0.008336043
G0028512.JPG,0,0.004121588
G0028513.JPG,0,0.01665109
G0028514.JPG,1,0.9692895
G0028515.JPG,0,0.01770092
G0028516.JPG,0,0.013710424
G0028519.JPG,0,0.0045571863
G0028520.JPG,1,0.99656856
G0028521.JPG,1,0.98805326
G0028522.JPG,1,0.9905027
G0028523.JPG,0,0.014180909
G0028525.JPG,0,0.0056754462
G0028526.JPG,0,0.022598453
G0028527.JPG,0,0.051259745
G0028528.JPG,0,0.018639015
G0028529.JPG,0,0.021674037
G0028533.JPG,0,0.019969651
G0028543.JPG,0,0.09971262
G0028546.JPG,0,0.10504091
G0028547.JPG,0,0.08835925
G0028552.JPG,0,0.044275977
G0028556.JPG,0,0.011952434
G0028557.JPG,0,0.023651939
G0028562.JPG,0,0.008632369
G0028563.JPG,0,0.009693406
G0028567.JPG,0,0.013348653
G0028568.JPG,0,0.008289196
G0028569.JPG,0,0.009700183
G0028570.JPG,0,0.0015655557
G0028571.JPG,0,0.030065063
G0028572.JPG,0,0.013152081
G0028573.JPG,0,0.066236526
G0028574.JPG,0,0.051663373
G0028575.JPG,0,0.020384435
G0028577.JPG,0,0.010172135
G0028581.JPG,0,0.056541786
G0028594.JPG,1,0.9522235
G0028595.JPG,0,0.0847732
G0028596.JPG,1,0.85498905
G0028597.JPG,1,0.716978
G0028603.JPG,1,0.899543
G0028610.JPG,1,0.92843163
G0028611.JPG,0,0.011653022
G0028612.JPG,0,0.012801073
G0028615.JPG,1,0.9689349
G0028616.JPG,0,0.022766203
G0028620.JPG,0,0.19203144
G0028621.JPG,0,0.07697163
G0028644.JPG,0,0.3006118
G0028660.JPG,0,0.034395166
G0028666.JPG,0,0.17782801
G0028669.JPG,0,0.048756357
G0028671.JPG,0,0.02946991
G0028680.JPG,0,0.039424423
G0028689.JPG,1,0.7198512
G0028715.JPG,1,0.51742506
G0028716.JPG,0,0.22790453
G0028717.JPG,0,0.2860511
G0028718.JPG,0,0.113632336
G0028724.JPG,0,0.017538184
G0028725.JPG,0,0.010811429
G0028726.JPG,0,0.020528192
G0028727.JPG,0,0.011885708
G0028729.JPG,0,0.04159244
G0028748.JPG,0,0.054937422
G0028750.JPG,0,0.21981713
G0028752.JPG,0,0.46147227
G0028753.JPG,1,0.6454788
G0028754.JPG,1,0.65202945
G0028755.JPG,1,0.601028
G0028756.JPG,1,0.83406675
G0028761.JPG,0,0.24419016
G0028762.JPG,0,0.25866693
G0028763.JPG,0,0.17236248
G0028767.JPG,0,0.16001214
G0028776.JPG,0,0.035373036
G0028814.JPG,0,0.49929944
G0028817.JPG,1,0.9972904
G0028818.JPG,1,0.9910405
G0028836.JPG,1,0.8121528
G0028837.JPG,0,0.39415306
G0028838.JPG,0,0.31264126
G0028846.JPG,0,0.029556552
G0028847.JPG,0,0.037275624
G0028848.JPG,0,0.07046195
G0028849.JPG,0,0.14468539
G0028887.JPG,0,0.22703168
G0028888.JPG,0,0.3005957
G0028889.JPG,0,0.26625368
G0028891.JPG,0,0.19602999
G0028893.JPG,0,0.14249448
G0028894.JPG,1,0.58374196
G0028898.JPG,1,0.5456044
G0028901.JPG,0,0.14080247
G0028907.JPG,0,0.25821722
G0028912.JPG,0,0.09387444
G0028914.JPG,0,0.12998365
G0028933.JPG,0,0.28831145
G0028934.JPG,1,0.548899
G0028935.JPG,0,0.28538546
G0028952.JPG,0,0.07485143
G0028953.JPG,0,0.09163853
G0028954.JPG,0,0.13442875
G0028959.JPG,0,0.10274511
G0028960.JPG,0,0.0868906
G0028965.JPG,0,0.049071677
G0028972.JPG,0,0.10930752
G0028977.JPG,1,0.9867324
G0028981.JPG,0,0.18514493
G0028982.JPG,0,0.41388124
G0028987.JPG,0,0.037449334
G0028991.JPG,1,0.92635196
G0028992.JPG,1,0.9078333
G0028993.JPG,0,0.32043028
G0028995.JPG,1,0.55657554
G0028996.JPG,0,0.37548748
G0028997.JPG,1,0.92570263
G0028998.JPG,1,0.92437595
G0028999.JPG,1,0.94533086
G0029000.JPG,1,0.6571181
G0029001.JPG,1,0.5642592
G0029003.JPG,0,0.43179858
G0029004.JPG,0,0.389833
G0029008.JPG,0,0.123585366
G0029019.JPG,0,0.4403539
G0029028.JPG,0,0.00837743
G0029033.JPG,0,0.088694505
G0029035.JPG,0,0.022164356
G0029036.JPG,0,0.03323285
G0029039.JPG,0,0.013025958
G0029040.JPG,0,0.02249986
G0029048.JPG,0,0.22631739
G0029049.JPG,0,0.27826813
G0029050.JPG,1,0.73070246
G0029061.JPG,1,0.931831
G0029079.JPG,0,0.2670982
G0029080.JPG,0,0.25298056
G0029084.JPG,0,0.0754414
G0029086.JPG,0,0.46176437
G0029088.JPG,0,0.1725619
G0029114.JPG,0,0.36712626
G0029115.JPG,0,0.44086114
G0029156.JPG,1,0.996942
G0029157.JPG,1,0.9928149
G0029191.JPG,0,0.4112572
G0029192.JPG,1,0.6296401
G0029193.JPG,1,0.62668544
G0029194.JPG,1,0.8015105
G0029201.JPG,0,0.44291705
G0029202.JPG,0,0.3591817
G0029203.JPG,0,0.45390567
G0029212.JPG,1,0.99566746
G0029213.JPG,1,0.99615806
G0029214.JPG,1,0.99845195
G0029219.JPG,1,0.9983789
G0029225.JPG,1,0.8103347
G0029226.JPG,1,0.8384749
G0029229.JPG,1,0.5133343
G0029233.JPG,1,0.84618276
G0029261.JPG,1,0.6104305
G0029270.JPG,0,0.076268606
G0029284.JPG,0,0.10863782
G0029285.JPG,0,0.4674586
G0029308.JPG,0,0.103611544
G0029309.JPG,0,0.12059739
G0029311.JPG,1,0.97072875
G0029312.JPG,1,0.68145245
G0029313.JPG,1,0.567138
G0029314.JPG,1,0.8023779
G0029320.JPG,1,0.9861362
G0029326.JPG,1,0.98401076
G0029327.JPG,1,0.989972
G0029328.JPG,1,0.9840464
G0029349.JPG,0,0.14342554
G0029358.JPG,0,0.09309782
G0029359.JPG,0,0.017543025
G0029381.JPG,0,0.32742772
G0029382.JPG,1,0.95481694
G0029383.JPG,1,0.9824164
G0029384.JPG,0,0.17058301
G0029393.JPG,1,0.953065
G0029394.JPG,1,0.95584846
G0029402.JPG,0,0.32182837
G0029403.JPG,0,0.19734333
G0029405.JPG,0,0.082577564
G0029408.JPG,0,0.35251668
G0029447.JPG,0,0.26815048
G0029448.JPG,0,0.3816178
G0029449.JPG,0,0.26702303
G0029450.JPG,0,0.28832492
G0029452.JPG,1,0.7429418
G0029453.JPG,1,0.87949514
G0029454.JPG,1,0.97073245
G0029455.JPG,1,0.9806033
G0029467.JPG,1,0.6746456
G0029468.JPG,1,0.9810213
G0029493.JPG,1,0.5042846
G0029508.JPG,0,0.16089103
G0029511.JPG,0,0.3169922
G0029528.JPG,1,0.8702394
G0029574.JPG,0,0.12657961
G0029595.JPG,0,0.10824094
G0029604.JPG,0,0.49916223
G0029605.JPG,0,0.4047727
G0029660.JPG,1,0.9803591
G0029661.JPG,1,0.7385684
G0029667.JPG,0,0.18482251
G0029677.JPG,0,0.10009515
G0029692.JPG,0,0.070050284
G0029693.JPG,0,0.098373316
G0029699.JPG,0,0.07658568
G0029701.JPG,0,0.15888602
G0029717.JPG,0,0.13933341
G0029718.JPG,0,0.15801463
G0029719.JPG,1,0.5099356
G0029720.JPG,1,0.9062506
G0029721.JPG,1,0.76266474
G0029722.JPG,1,0.50987124
G0029723.JPG,1,0.77878547
G0029753.JPG,0,0.07137262
G0029763.JPG,0,0.10611914
G0029783.JPG,1,0.8707608
G0029784.JPG,1,0.924231
G0029785.JPG,1,0.7309922
G0029789.JPG,0,0.49605396
G0029867.JPG,0,0.24081181
G0029871.JPG,0,0.104196854
G0029879.JPG,1,0.99745566
G0029885.JPG,0,0.025512477
G0029888.JPG,0,0.0222029
G0029889.JPG,0,0.045887336
G0029893.JPG,0,0.10353584
G0029901.JPG,0,0.11875801
G0029903.JPG,0,0.10939587
G0029930.JPG,0,0.39293513
G0029931.JPG,0,0.3847755
G0029937.JPG,0,0.10334358
G0029939.JPG,0,0.075322255
G0029946.JPG,1,0.8240022
G0029947.JPG,1,0.91221464
G0029948.JPG,1,0.9829495
G0029954.JPG,0,0.03251791
G0029959.JPG,0,0.13168809
G0029965.JPG,1,0.6004879
G0029966.JPG,0,0.48262215
G0029967.JPG,0,0.4730128
G0029976.JPG,1,0.9583131
G0030004.JPG,0,0.28746995
G0030011.JPG,0,0.2542759
G0030012.JPG,0,0.08490301
G0030020.JPG,1,0.7170242
G0030021.JPG,1,0.8335397
G0030034.JPG,0,0.027651725
G0030046.JPG,0,0.39972988
G0030050.JPG,0,0.07426629
G0030052.JPG,0,0.1541516
G0030053.JPG,0,0.31991807
G0030054.JPG,0,0.15740533
G0030059.JPG,0,0.16105121
G0030085.JPG,0,0.19540949
G0030087.JPG,1,0.7491254
G0030093.JPG,0,0.0807136
G0030136.JPG,0,0.4858328
G0030137.JPG,1,0.86416095
G0030141.JPG,0,0.42845014
G0030161.JPG,1,0.939562
G0030193.JPG,1,0.78581727
G0030220.JPG,0,0.16971844
G0030222.JPG,0,0.10599932
G0030238.JPG,0,0.13415498
G0030239.JPG,0,0.16239828
G0030240.JPG,0,0.19507793
G0030242.JPG,0,0.11941974
G0030244.JPG,0,0.14773543
G0030285.JPG,1,0.98735994
G0030286.JPG,1,0.9850199
G0030287.JPG,1,0.9439759
G0030288.JPG,1,0.97113883
G0030289.JPG,1,0.9694164
G0030290.JPG,1,0.87928873
G0030295.JPG,0,0.235081
G0030296.JPG,0,0.35476798
G0030306.JPG,0,0.14488928
G0030343.JPG,0,0.34494606
G0030365.JPG,0,0.20313548
G0030399.JPG,0,0.077317856
G0030402.JPG,0,0.009620763
G0030414.JPG,0,0.13548192
G0030415.JPG,0,0.20645544
G0030416.JPG,0,0.13486773
G0030422.JPG,0,0.11227017
G0030424.JPG,0,0.1478975
G0030425.JPG,0,0.05715916
G0030426.JPG,0,0.0670852
G0030442.JPG,0,0.17415471
G0030464.JPG,0,0.029383538
G0030465.JPG,0,0.027275087
G0030467.JPG,0,0.016596463
G0030470.JPG,0,0.12813552
G0030478.JPG,0,0.013103118
G0030479.JPG,0,0.024466917
G0030481.JPG,0,0.105612956
G0030511.JPG,0,0.058240697
G0030513.JPG,0,0.04211848
G0030518.JPG,0,0.08253504
G0030529.JPG,0,0.14340822
G0030530.JPG,0,0.08232681
G0030532.JPG,0,0.22387286
G0030541.JPG,1,0.7096039
G0030547.JPG,0,0.0041150223
G0030549.JPG,0,0.071083166
G0030551.JPG,0,0.10259449
G0030552.JPG,0,0.07356157
G0030559.JPG,0,0.08447466
G0030562.JPG,0,0.24344999
G0030610.JPG,0,0.006225922
G0030614.JPG,0,0.032601662
G0030619.JPG,0,0.053512596
G0030622.JPG,0,0.096446455
G0030659.JPG,1,0.95780617
G0030660.JPG,1,0.96930504
G0030674.JPG,1,0.7394364
G0030675.JPG,1,0.88706243
G0030677.JPG,1,0.9804254
G0030858.JPG,1,0.974661
G0030859.JPG,1,0.9885119
G0030956.JPG,1,0.97114617
G0030970.JPG,1,0.96851707
G0030971.JPG,1,0.95699865
G0031016.JPG,1,0.939054
G0031017.JPG,1,0.8922936
G0031018.JPG,1,0.89797175
G0031021.JPG,1,0.9780255
G0031130.JPG,1,0.5861568
G0031212.JPG,1,0.56810564
G0031213.JPG,1,0.75658274
G0031214.JPG,1,0.61954397
G0031215.JPG,1,0.6116069
G0031362.JPG,1,0.992358
G0031365.JPG,1,0.9919151
G0031366.JPG,1,0.98325825
G0031368.JPG,1,0.97864956
G0031369.JPG,1,0.99037033
G0031370.JPG,1,0.9959875
G0031371.JPG,1,0.97362894
G0031372.JPG,1,0.9644274
G0031373.JPG,1,0.9702516
G0031374.JPG,1,0.9769612
G0031375.JPG,1,0.942207
G0031376.JPG,1,0.8873938
G0031377.JPG,1,0.96636504
G0031378.JPG,1,0.98725826
G0031379.JPG,1,0.9939958
G0031401.JPG,1,0.54927933
G0031402.JPG,0,0.30405295
G0031498.JPG,1,0.9794661
G0031530.JPG,1,0.91645944
G0031590.JPG,1,0.6711008
G0031591.JPG,1,0.6481238
G0031592.JPG,1,0.6947426
G0031593.JPG,1,0.5943777
G0031608.JPG,1,0.96132076
G0031609.JPG,1,0.9577077
G0031610.JPG,1,0.99093986
G0031611.JPG,1,0.9808251
G0031652.JPG,1,0.9831919
G0031658.JPG,1,0.9955082
G0031660.JPG,1,0.98834467
G0031697.JPG,1,0.8978816
G0031698.JPG,1,0.9813727
G0031736.JPG,1,0.8798174
G0031911.JPG,0,0.48892713
G0032032.JPG,1,0.94606066
G0032033.JPG,1,0.9580439
G0032034.JPG,1,0.9517842
G0032036.JPG,1,0.96501523
G0032202.JPG,1,0.98320836
G0032203.JPG,1,0.9634229
G0032204.JPG,1,0.965665
G0032206.JPG,1,0.91642016
G0032207.JPG,1,0.8734896
G0032213.JPG,1,0.7731353
G0032214.JPG,1,0.81610566
G0032217.JPG,1,0.81937134
G0032220.JPG,1,0.9741167
G0032221.JPG,1,0.8513565
G0032222.JPG,1,0.7871556
G0032228.JPG,1,0.6149377
G0032229.JPG,1,0.92694944
G0032230.JPG,1,0.93352926
G0032231.JPG,1,0.97634697
G0032232.JPG,1,0.9886119
G0032233.JPG,1,0.9775055
G0032234.JPG,1,0.9740218
G0032300.JPG,1,0.97476554
G0032301.JPG,1,0.9822373
G0032334.JPG,1,0.93762326
G0032337.JPG,1,0.9525335
G0032338.JPG,1,0.8902558
G0032424.JPG,1,0.7904654
G0032425.JPG,1,0.8268627
G0032427.JPG,1,0.7471346
G0032428.JPG,1,0.91056377
G0032430.JPG,1,0.65983224
G0032432.JPG,1,0.59494656
G0032435.JPG,1,0.91033465
G0032437.JPG,1,0.6532458
G0032513.JPG,0,0.27738842
G0032515.JPG,1,0.83630806
G0032516.JPG,1,0.9420877
G0032518.JPG,1,0.85855126
G0032519.JPG,1,0.8777167
G0032754.JPG,1,0.65666705
G0032755.JPG,1,0.8457194
G0034185.JPG,0,0.042318687
G0034186.JPG,0,0.027148461
G0034191.JPG,0,0.13848871
G0034205.JPG,0,0.019883733
G0034210.JPG,0,0.09738928
G0040507.JPG,1,0.89409095
G0040508.JPG,1,0.88654244
G0040544.JPG,1,0.8340701
G0040661.JPG,0,0.33089978
G0040662.JPG,1,0.9188589
G0040663.JPG,0,0.2569057
G0040664.JPG,0,0.3660022
G0040682.JPG,0,0.05977529
G0040684.JPG,0,0.10947468
G0040685.JPG,0,0.04857067
G0040691.JPG,0,0.18874171
G0040712.JPG,0,0.04122333
G0040713.JPG,0,0.0681059
G0040758.JPG,0,0.13505575
G0040767.JPG,0,0.20396562
G0040770.JPG,0,0.10903015
G0040773.JPG,0,0.015355952
G0040779.JPG,0,0.04262036
G0040807.JPG,0,0.045960177
G0040808.JPG,0,0.028488506
G0040817.JPG,0,0.069603056
G0040821.JPG,0,0.2563195
G0040830.JPG,0,0.054069668
G0040840.JPG,0,0.15102313
G0040944.JPG,1,0.9813384
G0040947.JPG,0,0.05772702
G0040949.JPG,0,0.010033188
G0040950.JPG,1,0.97338605
G0040953.JPG,0,0.035444908
G0040956.JPG,0,0.07390446
G0040959.JPG,0,0.007983379
G0040960.JPG,0,0.04472747
G0040970.JPG,0,0.117078535
G0040973.JPG,0,0.043947022
G0040975.JPG,0,0.044780515
G0040976.JPG,0,0.10417681
G0040978.JPG,0,0.26921842
G0040979.JPG,0,0.23371814
G0040980.JPG,0,0.4884669
G0040981.JPG,1,0.69557637
G0040982.JPG,1,0.5160183
G0040983.JPG,0,0.49184307
G0040986.JPG,1,0.99123657
G0040991.JPG,0,0.014495105
G0040997.JPG,0,0.0032848308
G0041000.JPG,0,0.029541157
G0041018.JPG,1,0.9420949
G0041019.JPG,1,0.94020426
G0041021.JPG,1,0.95393676
G0041063.JPG,0,0.010252487
G0041064.JPG,0,0.009567846
G0041065.JPG,0,0.0067238873
G0041066.JPG,0,0.019813176
G0041077.JPG,0,0.007284273
G0041078.JPG,0,0.0061686207
G0041093.JPG,0,0.05313658
G0041099.JPG,0,0.009388758
G0041117.JPG,0,0.021628775
G0041118.JPG,1,0.9735858
G0041119.JPG,1,0.9923469
G0041120.JPG,0,0.0065551386
G0041146.JPG,0,0.021446085
G0041147.JPG,1,0.99294525
G0041148.JPG,1,0.99524117
G0041151.JPG,0,0.046614204
G0041152.JPG,0,0.02488833
G0041168.JPG,0,0.019714667
G0041183.JPG,0,0.048933562
G0041186.JPG,1,0.95454246
G0041189.JPG,1,0.9638302
G0041190.JPG,1,0.8662798
G0041191.JPG,1,0.8537627
G0041205.JPG,0,0.0029560318
G0041219.JPG,0,0.0038143853
G0041221.JPG,0,0.015657894
G0041222.JPG,0,0.00572822
G0041235.JPG,1,0.9359483
G0041236.JPG,1,0.98416084
G0041237.JPG,1,0.99467236
G0041238.JPG,1,0.98855174
G0041239.JPG,1,0.9535749
G0041324.JPG,0,0.012001819
G0041339.JPG,0,0.021691434
G0041341.JPG,0,0.019983858
G0041344.JPG,0,0.019815732
G0041346.JPG,0,0.012873737
G0041349.JPG,0,0.06142914
G0041351.JPG,0,0.011238551
G0041354.JPG,0,0.078803174
G0041355.JPG,0,0.013706768
G0041360.JPG,0,0.0056624366
G0041369.JPG,0,0.0074904226
G0041373.JPG,0,0.008470429
G0041374.JPG,0,0.0032675534
G0041375.JPG,0,0.0068901144
G0041376.JPG,0,0.018174494
G0041388.JPG,0,0.023859045
G0041402.JPG,0,0.036134586
G0041403.JPG,0,0.034650415
G0041405.JPG,0,0.004130868
G0041407.JPG,0,0.011523238
G0041413.JPG,0,0.012145293
G0041415.JPG,0,0.074341334
G0041416.JPG,0,0.08861518
G0041437.JPG,1,0.9782542
G0041458.JPG,0,0.22700007
G0041459.JPG,0,0.085843414
G0041460.JPG,0,0.21125092
G0041462.JPG,0,0.30396372
G0041463.JPG,0,0.25944993
G0041464.JPG,0,0.08839915
G0041465.JPG,0,0.049693707
G0041476.JPG,0,0.04792359
G0041483.JPG,0,0.033131644
G0041486.JPG,0,0.015905563
G0041487.JPG,0,0.020578083
G0041488.JPG,1,0.98445815
G0041497.JPG,0,0.09920364
G0041498.JPG,0,0.045612868
G0041499.JPG,0,0.045518175
G0041509.JPG,1,0.93350536
G0041517.JPG,0,0.018692994
G0041525.JPG,0,0.08154345
G0041526.JPG,0,0.1429645
G0041527.JPG,0,0.15916272
G0041528.JPG,0,0.09503583
G0041529.JPG,0,0.1726347
G0041530.JPG,0,0.12054252
G0041531.JPG,0,0.10501675
G0041532.JPG,0,0.032074492
G0041561.JPG,0,0.025063237
G0041575.JPG,0,0.4307233
G0041576.JPG,0,0.4520612
G0041577.JPG,0,0.34064206
G0041578.JPG,0,0.44775933
G0041579.JPG,0,0.3475964
G0041581.JPG,0,0.10844163
G0041583.JPG,0,0.04451442
G0041585.JPG,0,0.0136789875
G0041586.JPG,0,0.023200583
G0041587.JPG,0,0.034148023
G0041598.JPG,0,0.30714068
G0041602.JPG,0,0.026069118
G0041609.JPG,0,0.14843805
G0041629.JPG,0,0.385869
G0041630.JPG,0,0.11247145
G0041631.JPG,0,0.065113164
G0041633.JPG,0,0.06106787
G0041634.JPG,0,0.043625828
G0041646.JPG,0,0.073934086
G0041654.JPG,0,0.029925436
G0041657.JPG,0,0.026628245
G0041658.JPG,0,0.12126149
G0041672.JPG,0,0.15053646
G0041673.JPG,0,0.13294004
G0041674.JPG,0,0.07464579
G0041675.JPG,0,0.024559375
G0041676.JPG,0,0.029847967
G0041681.JPG,0,0.04007742
G0041688.JPG,0,0.04295213
G0041696.JPG,0,0.0836452
G0041697.JPG,0,0.099018246
G0041698.JPG,0,0.10797269
G0041713.JPG,0,0.065382585
G0041714.JPG,0,0.0353003
G0041715.JPG,0,0.14369652
G0041716.JPG,0,0.23964165
G0041717.JPG,0,0.12636504
G0041718.JPG,0,0.14463794
G0041720.JPG,0,0.19721879
G0041721.JPG,0,0.09460124
G0041723.JPG,0,0.055394605
G0041725.JPG,0,0.107172824
G0041726.JPG,0,0.13052124
G0041758.JPG,0,0.45202658
G0041759.JPG,0,0.36623824
G0041770.JPG,0,0.35098138
G0041771.JPG,0,0.4135308
G0041772.JPG,1,0.8396647
G0041773.JPG,1,0.766725
G0041775.JPG,0,0.06055639
G0041776.JPG,0,0.07391592
G0041778.JPG,0,0.015285247
G0041779.JPG,0,0.052869115
G0041793.JPG,1,0.5930567
G0041794.JPG,0,0.3269806
G0041795.JPG,1,0.52434087
G0041796.JPG,0,0.100541666
G0041809.JPG,0,0.37363294
G0041810.JPG,1,0.5278012
G0041811.JPG,1,0.51450986
G0041814.JPG,0,0.10960109
G0041815.JPG,0,0.039114676
G0041816.JPG,0,0.13505231
G0041818.JPG,0,0.04810405
G0041819.JPG,0,0.0525221
G0041821.JPG,0,0.18199064
G0041822.JPG,0,0.28438586
G0041823.JPG,0,0.16898108
G0041825.JPG,0,0.19068763
G0041853.JPG,0,0.49513713
G0041854.JPG,1,0.6324185
G0041939.JPG,1,0.8143367
G0041940.JPG,1,0.90764004
G0041941.JPG,1,0.83126307
G0043163.JPG,1,0.7742975
G0043164.JPG,1,0.6336837
G0043165.JPG,1,0.6686421
G0043230.JPG,0,0.39794087
G0043273.JPG,0,0.24231184
G0043311.JPG,1,0.8386235
G0043312.JPG,1,0.86779124
G0043313.JPG,1,0.9186084
G0043315.JPG,1,0.959733
G0043316.JPG,1,0.97901905
G0043317.JPG,1,0.93167347
G0043318.JPG,1,0.963354
G0043319.JPG,1,0.98989713
G0043321.JPG,1,0.9856904
G0043322.JPG,1,0.9786388
G0044243.JPG,0,0.042639736
G0044261.JPG,0,0.09657486
G0044278.JPG,0,0.016756482
G0051845.JPG,0,0.15311119
G0051846.JPG,0,0.09546867
G0051847.JPG,0,0.097081915
G0051850.JPG,0,0.17541926
G0051851.JPG,0,0.14075777
G0051860.JPG,0,0.39216027
G0051872.JPG,1,0.5991321
G0051879.JPG,0,0.3396883
G0051880.JPG,0,0.22381236
G0051881.JPG,0,0.098326676
G0051882.JPG,0,0.361698
G0051883.JPG,0,0.15676813
G0051884.JPG,0,0.32600993
G0051897.JPG,0,0.09659878
G0051938.JPG,1,0.5690078
G0051940.JPG,1,0.86004335
G0051941.JPG,1,0.7959222
G0051942.JPG,1,0.66094863
G0051943.JPG,1,0.659494
G0051944.JPG,1,0.6146471
G0051945.JPG,1,0.78048986
G0051946.JPG,1,0.8520714
G0051965.JPG,0,0.109729975
G0051982.JPG,0,0.10118058
G0052004.JPG,0,0.41479096
G0052005.JPG,0,0.49646452
G0052007.JPG,0,0.28554592
G0052008.JPG,0,0.4071904
G0052009.JPG,0,0.43739492
G0052010.JPG,1,0.5592989
G0052064.JPG,0,0.18102403
G0052066.JPG,0,0.09201091
G0052067.JPG,0,0.06754651
G0052068.JPG,0,0.08372362
G0052070.JPG,0,0.15941061
G0052071.JPG,0,0.14228813
G0052072.JPG,0,0.3849219
G0052118.JPG,1,0.69489914
G0052119.JPG,1,0.67588013
G0052120.JPG,1,0.5887282
G0052123.JPG,0,0.10583971
G0052134.JPG,0,0.03675883
G0052135.JPG,0,0.35681495
G0052136.JPG,0,0.29913926
G0052145.JPG,0,0.39293042
G0052146.JPG,0,0.14080267
G0052147.JPG,0,0.16162364
G0052162.JPG,1,0.57354593
G0052163.JPG,1,0.6587129
G0052164.JPG,1,0.651055
G0052165.JPG,0,0.12587963
G0052190.JPG,0,0.051103234
G0052191.JPG,0,0.12993784
G0052192.JPG,0,0.048896126
G0052199.JPG,0,0.26530707
G0052200.JPG,1,0.64616543
G0052219.JPG,0,0.10903484
G0052220.JPG,0,0.13612613
G0052221.JPG,0,0.08693577
G0052222.JPG,0,0.06251759
G0052230.JPG,0,0.046814583
G0052231.JPG,0,0.060763273
G0052244.JPG,0,0.2247886
G0052245.JPG,0,0.07154288
G0052246.JPG,0,0.040880837
G0052250.JPG,0,0.076039694
G0052251.JPG,0,0.071281984
G0052252.JPG,0,0.04948796
G0052253.JPG,0,0.06322642
G0052254.JPG,0,0.07662668
G0052262.JPG,0,0.17622295
G0052264.JPG,0,0.055522934
G0052270.JPG,0,0.080111936
G0052277.JPG,0,0.26740044
G0052278.JPG,0,0.12903234
G0052279.JPG,0,0.31412256
G0052307.JPG,0,0.48530918
G0052308.JPG,0,0.09961485
G0052309.JPG,0,0.058902893
G0052311.JPG,0,0.044111848
G0052354.JPG,0,0.2123383
G0052355.JPG,0,0.23577906
G0052358.JPG,0,0.3036502
G0052359.JPG,0,0.099964924
G0052361.JPG,0,0.18588212
G0052367.JPG,0,0.07947255
G0052368.JPG,0,0.4813025
G0052369.JPG,0,0.095632866
G0052370.JPG,0,0.13574055
G0052371.JPG,0,0.12793675
G0052372.JPG,0,0.16877924
G0052373.JPG,1,0.7135097
G0052374.JPG,0,0.35988843
G0052375.JPG,0,0.4882291
G0052376.JPG,1,0.51166314
G0052378.JPG,0,0.16843152
G0052379.JPG,0,0.16178827
G0052380.JPG,0,0.444565
G0052381.JPG,0,0.30193284
G0052382.JPG,0,0.4914779
G0052383.JPG,0,0.2831944
G0052398.JPG,1,0.8099223
G0052399.JPG,1,0.64590824
G0052401.JPG,1,0.9528231
G0052405.JPG,1,0.84677243
G0052406.JPG,1,0.79447144
G0052407.JPG,1,0.8035791
G0052416.JPG,1,0.7378448
G0052417.JPG,0,0.4521912
G0052418.JPG,0,0.3946758
G0052424.JPG,0,0.3404897
G0052425.JPG,1,0.7462368
G0052450.JPG,0,0.27644002
G0052464.JPG,0,0.11336682
G0052471.JPG,0,0.13830824
G0052503.JPG,1,0.8714251
G0052505.JPG,0,0.17298506
G0052506.JPG,0,0.3325929
G0052507.JPG,0,0.37383175
G0052558.JPG,0,0.041074973
G0052584.JPG,0,0.18027917
G0052585.JPG,0,0.21144646
G0052626.JPG,0,0.18020609
G0052627.JPG,0,0.115229346
G0052650.JPG,0,0.12826088
G0052684.JPG,1,0.7282103
G0052686.JPG,1,0.905813
G0052689.JPG,1,0.73055553
G0052690.JPG,1,0.74107474
G0052691.JPG,1,0.75871766
G0052692.JPG,1,0.75423944
G0052697.JPG,0,0.16065198
G0052699.JPG,0,0.32440343
G0052700.JPG,0,0.4226866
G0052701.JPG,0,0.49535832
G0052753.JPG,1,0.54989517
G0052754.JPG,1,0.7599105
G0052755.JPG,0,0.44646564
G0052759.JPG,0,0.29600945
G0052760.JPG,1,0.6309636
G0052762.JPG,1,0.5996919
G0052771.JPG,1,0.58900756
G0052772.JPG,0,0.4151705
G0052773.JPG,0,0.47550812
G0052778.JPG,1,0.8770484
G0052779.JPG,1,0.83553684
G0052780.JPG,1,0.90772736
G0052781.JPG,1,0.9092333
G0052783.JPG,1,0.9102249
G0052784.JPG,1,0.8262705
G0052785.JPG,1,0.9542166
G0052787.JPG,1,0.9364683
G0052788.JPG,0,0.4675846
G0052789.JPG,1,0.62553394
G0052791.JPG,1,0.7695632
G0052832.JPG,0,0.14709742
G0052835.JPG,0,0.12275968
G0052912.JPG,1,0.8654186
G0052947.JPG,0,0.05715736
G0052993.JPG,1,0.60219353
G0053032.JPG,0,0.17184429
G0053033.JPG,1,0.6498214
G0053034.JPG,1,0.7221709
G0053035.JPG,1,0.59750545
G0053036.JPG,1,0.7405658
G0053037.JPG,0,0.23611295
G0053039.JPG,0,0.018699925
G0053042.JPG,0,0.13431302
G0053045.JPG,0,0.02169702
G0053067.JPG,0,0.33607307
G0053072.JPG,0,0.09379971
G0053076.JPG,0,0.023925558
G0053077.JPG,0,0.073269814
G0053084.JPG,0,0.10632721
G0053085.JPG,0,0.057261225
G0053086.JPG,0,0.08831839
G0053089.JPG,0,0.01977894
G0053094.JPG,0,0.09214174
G0053095.JPG,0,0.052165005
G0053102.JPG,0,0.45330545
G0053103.JPG,0,0.33892295
G0053113.JPG,0,0.03405882
G0053114.JPG,0,0.1773174
G0053116.JPG,0,0.007434159
G0053117.JPG,0,0.025395447
G0053126.JPG,0,0.027398588
G0053163.JPG,0,0.12847264
G0053168.JPG,0,0.08140034
G0053169.JPG,0,0.03388696
G0053170.JPG,0,0.033575185
G0053171.JPG,0,0.12157676
G0053172.JPG,0,0.08044319
G0053173.JPG,0,0.05792448
G0053174.JPG,0,0.1451279
G0053176.JPG,0,0.13840787
G0053183.JPG,0,0.0878823
G0053184.JPG,0,0.05348362
G0053185.JPG,0,0.124406844
G0053276.JPG,0,0.07075264
G0053277.JPG,0,0.05056631
G0053278.JPG,0,0.06635028
G0053279.JPG,0,0.050887868
G0053299.JPG,1,0.92883635
G0054292.JPG,1,0.5451488
G0054293.JPG,1,0.66157943
G0063376.JPG,1,0.70658654
G0063432.JPG,1,0.69221276
G0063434.JPG,1,0.665626
G0063436.JPG,0,0.19379513
G0063437.JPG,0,0.4224763
G0063444.JPG,0,0.028840547
G0063445.JPG,0,0.10629841
G0063446.JPG,0,0.042996272
G0063447.JPG,0,0.12477391
G0063448.JPG,0,0.109168135
G0063475.JPG,0,0.02059801
G0063476.JPG,0,0.046791088
G0063477.JPG,0,0.08824376
G0063500.JPG,1,0.5573215
G0063501.JPG,1,0.7095943
G0063502.JPG,1,0.7750954
G0063515.JPG,0,0.018066214
G0063516.JPG,0,0.005716397
G0063518.JPG,0,0.0030522037
G0063519.JPG,0,0.0055963644
G0063520.JPG,0,0.008351374
G0063521.JPG,0,0.013271253
G0063522.JPG,0,0.03871256
G0063524.JPG,1,0.5485914
G0063525.JPG,0,0.23762634
G0063526.JPG,0,0.30713704
G0063527.JPG,0,0.2508305
G0063528.JPG,0,0.1656749
G0063529.JPG,0,0.100784734
G0063540.JPG,0,0.17743702
G0063541.JPG,0,0.17745112
G0063542.JPG,0,0.16627786
G0063544.JPG,0,0.1249543
G0063546.JPG,0,0.11664378
G0063547.JPG,0,0.09653972
G0063548.JPG,0,0.27439043
G0063549.JPG,0,0.14664657
G0063550.JPG,0,0.25203207
G0063551.JPG,0,0.15427554
G0063552.JPG,0,0.012453882
G0063553.JPG,0,0.0018838036
G0063556.JPG,0,0.0056246375
G0063557.JPG,0,0.0042508817
G0063558.JPG,0,0.028839473
G0063559.JPG,0,0.01236703
G0063561.JPG,0,0.008072264
G0063562.JPG,0,0.0074251704
G0063563.JPG,0,0.02109998
G0063570.JPG,0,0.001619497
G0063571.JPG,0,0.001135748
G0063572.JPG,0,0.0021845761
G0063573.JPG,0,0.0032248579
G0063574.JPG,0,0.00528385
G0063575.JPG,0,0.0025748743
G0063576.JPG,0,0.0036007054
G0063577.JPG,0,0.008813721
G0063578.JPG,0,0.018561095
G0063579.JPG,0,0.060192045
G0063580.JPG,0,0.063923106
G0063581.JPG,0,0.018007966
G0063582.JPG,0,0.0139627075
G0063584.JPG,0,0.007910584
G0063585.JPG,0,0.023344848
G0063586.JPG,0,0.025118912
G0063587.JPG,0,0.024877729
G0063588.JPG,0,0.03305281
G0063597.JPG,0,0.0047891065
G0063598.JPG,0,0.025767373
G0063599.JPG,0,0.012309996
G0063600.JPG,0,0.025431408
G0063601.JPG,0,0.0043410873
G0063602.JPG,0,0.0036726347
G0063603.JPG,0,0.0077876737
G0063604.JPG,0,0.030813478
G0063605.JPG,0,0.014190753
G0063606.JPG,0,0.01369653
G0063610.JPG,0,0.0038746106
G0063612.JPG,0,0.012017888
G0063613.JPG,0,0.026824763
G0063615.JPG,0,0.072601885
G0063617.JPG,0,0.014086343
G0063618.JPG,0,0.061312072
G0063620.JPG,0,0.13678932
G0063621.JPG,0,0.11089036
G0063626.JPG,0,0.051577147
G0063628.JPG,0,0.078796044
G0063633.JPG,0,0.033715025
G0063634.JPG,0,0.007682993
G0063648.JPG,0,0.009198125
G0063649.JPG,0,0.0065273275
G0063652.JPG,0,0.017614685
G0063666.JPG,0,0.019620752
G0063667.JPG,0,0.002431682
G0063668.JPG,0,0.0021359986
G0063669.JPG,0,0.002817804
G0063671.JPG,0,0.0030581004
G0063672.JPG,0,0.0009920747
G0063674.JPG,0,0.03808161
G0063677.JPG,0,0.0071063736
G0063679.JPG,0,0.011256867
G0063680.JPG,0,0.0054984866
G0063681.JPG,0,0.012242117
G0063682.JPG,0,0.011884914
G0063683.JPG,0,0.015285339
G0063684.JPG,0,0.0077505666
G0063685.JPG,0,0.027773654
G0063686.JPG,0,0.019090207
G0063687.JPG,0,0.014131718
G0063688.JPG,0,0.009856206
G0063689.JPG,0,0.0040196693
G0063695.JPG,0,0.004799823
G0063696.JPG,0,0.00877472
G0063697.JPG,0,0.0051393067
G0063699.JPG,0,0.03495031
G0063700.JPG,0,0.015580012
G0063701.JPG,0,0.04520471
G0063703.JPG,0,0.12190471
G0063704.JPG,0,0.090170324
G0063705.JPG,0,0.0767084
G0063706.JPG,0,0.055645417
G0063707.JPG,0,0.042801473
G0063709.JPG,0,0.037286684
G0063710.JPG,0,0.039526585
G0063711.JPG,0,0.025402252
G0063713.JPG,0,0.011210201
G0063714.JPG,0,0.033578005
G0063715.JPG,0,0.008162581
G0063716.JPG,0,0.01724016
G0063717.JPG,0,0.0377406
G0063735.JPG,0,0.020818673
G0063736.JPG,0,0.064274885
G0063737.JPG,0,0.043512132
G0063738.JPG,0,0.06339741
G0063739.JPG,0,0.13379043
G0063740.JPG,0,0.08095329
G0063743.JPG,0,0.016510902
G0063744.JPG,0,0.019383248
G0063745.JPG,0,0.012603178
G0063747.JPG,0,0.009959318
G0063748.JPG,0,0.021762734
G0063749.JPG,0,0.008362732
G0063750.JPG,0,0.0044402108
G0063751.JPG,0,0.0058570975
G0063752.JPG,0,0.011072766
G0063753.JPG,0,0.009628822
G0063754.JPG,0,0.017801905
G0063756.JPG,0,0.034035895
G0063757.JPG,0,0.05396307
G0063758.JPG,0,0.09868701
G0063764.JPG,0,0.093698
G0063765.JPG,0,0.2859107
G0063768.JPG,0,0.10292468
G0063769.JPG,0,0.16542877
G0063770.JPG,0,0.07986881
G0063771.JPG,0,0.2585301
G0063772.JPG,0,0.05673042
G0063773.JPG,0,0.03366361
G0063774.JPG,0,0.06486206
G0063775.JPG,0,0.03044703
G0063776.JPG,0,0.3048299
G0063781.JPG,0,0.013979701
G0063783.JPG,0,0.08791427
G0063784.JPG,0,0.099252164
G0063785.JPG,0,0.18894598
G0063787.JPG,0,0.053503636
G0063788.JPG,0,0.044650372
G0063789.JPG,0,0.08733087
G0063791.JPG,0,0.021677297
G0063792.JPG,0,0.021375544
G0063793.JPG,0,0.026242036
G0063794.JPG,0,0.06425902
G0063795.JPG,0,0.03678895
G0063796.JPG,0,0.03463092
G0063797.JPG,0,0.016573643
G0063798.JPG,0,0.034732852
G0063799.JPG,0,0.01907688
G0063801.JPG,0,0.055386756
G0063802.JPG,0,0.14915377
G0063804.JPG,0,0.0849767
G0063805.JPG,0,0.20429026
G0063807.JPG,0,0.27003932
G0063808.JPG,0,0.07035026
G0063809.JPG,0,0.13184325
G0063811.JPG,0,0.25068033
G0063812.JPG,0,0.10949588
G0063813.JPG,0,0.19844858
G0063819.JPG,0,0.019806314
G0063820.JPG,0,0.020098258
G0063824.JPG,0,0.010479375
G0063825.JPG,0,0.03401131
G0063831.JPG,0,0.01691941
G0063832.JPG,0,0.008186292
G0063833.JPG,0,0.02180051
G0063834.JPG,0,0.022713678
G0063835.JPG,0,0.014597147
G0063836.JPG,0,0.017024262
G0063838.JPG,0,0.009928776
G0063839.JPG,0,0.025645144
G0063840.JPG,0,0.02842719
G0063841.JPG,0,0.067213625
G0063842.JPG,0,0.013783971
G0063844.JPG,0,0.009881516
G0063847.JPG,0,0.033840004
G0063849.JPG,0,0.0071999347
G0063851.JPG,0,0.06588321
G0063852.JPG,0,0.011472701
G0063853.JPG,0,0.019438902
G0063854.JPG,0,0.012718708
G0063855.JPG,0,0.010112105
G0063856.JPG,0,0.013308995
G0063858.JPG,0,0.13326599
G0063859.JPG,0,0.026970895
G0063861.JPG,0,0.025148226
G0063862.JPG,0,0.024946157
G0063863.JPG,0,0.055794675
G0063865.JPG,0,0.07492604
G0063867.JPG,0,0.024418216
G0063868.JPG,0,0.029605232
G0063869.JPG,0,0.05504299
G0063871.JPG,0,0.028158639
G0063872.JPG,0,0.034893673
G0063874.JPG,0,0.09083596
G0063875.JPG,0,0.13404122
G0063876.JPG,0,0.15487875
G0063877.JPG,0,0.025707688
G0063878.JPG,0,0.017275095
G0063879.JPG,0,0.03516952
G0063880.JPG,0,0.036391035
G0063881.JPG,0,0.025461176
G0063895.JPG,0,0.077932395
G0063897.JPG,0,0.032913357
G0063898.JPG,0,0.017982295
G0063899.JPG,0,0.035311457
G0063900.JPG,0,0.029509116
G0063901.JPG,0,0.042487253
G0063902.JPG,0,0.0447626
G0063906.JPG,0,0.15474941
G0063907.JPG,0,0.009069511
G0063908.JPG,0,0.043494917
G0063909.JPG,0,0.024602016
G0063910.JPG,0,0.06512059
G0063911.JPG,0,0.034189377
G0063912.JPG,0,0.0829747
G0063914.JPG,0,0.10411495
G0063917.JPG,0,0.100908846
G0063918.JPG,0,0.04582745
G0063922.JPG,0,0.035980996
G0063923.JPG,0,0.1076362
G0063924.JPG,0,0.087378025
G0063926.JPG,0,0.10211949
G0063927.JPG,0,0.1436074
G0064102.JPG,0,0.36690012
G0064103.JPG,1,0.5845728
G0064140.JPG,0,0.23885678
G0064146.JPG,0,0.057136804
G0064148.JPG,0,0.14207554
G0064182.JPG,0,0.13899763
G0064183.JPG,0,0.17336866
G0064184.JPG,0,0.15458414
G0064185.JPG,0,0.17432404
G0064186.JPG,0,0.410166
G0064196.JPG,0,0.30644777
G0064303.JPG,0,0.14011979
G0064307.JPG,0,0.4187471
G0064308.JPG,0,0.09862567
G0064315.JPG,0,0.07992215
G0064317.JPG,0,0.07748167
G0064328.JPG,0,0.21394978
G0064340.JPG,0,0.06339738
G0064344.JPG,0,0.37884116
G0064345.JPG,1,0.5167465
G0064346.JPG,0,0.17041086
G0064361.JPG,0,0.04716149
G0064406.JPG,1,0.71567816
G0064407.JPG,1,0.9270174
G0064408.JPG,0,0.2638197
G0064410.JPG,1,0.65136755
G0064411.JPG,1,0.71999496
G0064412.JPG,0,0.3940895
G0064414.JPG,1,0.51337457
G0064415.JPG,1,0.69792944
G0064416.JPG,1,0.57957566
G0064417.JPG,1,0.522359
G0064418.JPG,1,0.71502113
G0064420.JPG,1,0.76302373
G0064426.JPG,1,0.74623716
G0064427.JPG,0,0.3248067
G0064428.JPG,0,0.36713007
G0064429.JPG,0,0.39227775
G0064430.JPG,0,0.47526625
G0064431.JPG,0,0.45338288
G0064432.JPG,0,0.4320335
G0064433.JPG,0,0.20219165
G0064434.JPG,0,0.23916824
G0064436.JPG,0,0.23349012
G0064438.JPG,0,0.31612372
G0064439.JPG,0,0.30580634
G0064440.JPG,0,0.3326048
G0064442.JPG,0,0.34672123
G0064443.JPG,0,0.3390323
G0064444.JPG,0,0.28032807
G0064445.JPG,1,0.6444692
G0064446.JPG,1,0.5580972
G0064447.JPG,1,0.51830983
G0064448.JPG,1,0.56290936
G0064449.JPG,1,0.6086774
G0064450.JPG,0,0.19528775
G0064451.JPG,0,0.113337584
G0064452.JPG,0,0.10260142
G0064453.JPG,0,0.08853086
G0064461.JPG,1,0.6779719
G0064462.JPG,1,0.68632454
G0064470.JPG,0,0.45790234
G0064474.JPG,1,0.593743
G0064480.JPG,0,0.39575985
G0064481.JPG,1,0.6315901
G0064482.JPG,1,0.5560783
G0064484.JPG,1,0.7544385
G0064486.JPG,1,0.6693013
G0064487.JPG,1,0.7479049
G0064489.JPG,1,0.7095624
G0064490.JPG,1,0.6337635
G0064498.JPG,0,0.4912542
G0064508.JPG,1,0.82894766
G0064509.JPG,1,0.74101764
G0064510.JPG,1,0.70761853
G0064511.JPG,1,0.71481746
G0064512.JPG,1,0.7671888
G0064513.JPG,1,0.6316811
G0064514.JPG,1,0.5373219
G0064515.JPG,1,0.78780305
G0064516.JPG,1,0.5670098
G0064517.JPG,1,0.67186856
G0064519.JPG,1,0.6073499
G0064520.JPG,1,0.9023885
G0064521.JPG,1,0.90718067
G0064522.JPG,1,0.90439683
G0064523.JPG,1,0.82730484
G0064525.JPG,1,0.83639395
G0064526.JPG,1,0.9221168
G0064527.JPG,1,0.84769773
G0064528.JPG,1,0.825051
G0064530.JPG,1,0.63062483
G0064531.JPG,1,0.52470094
G0064535.JPG,1,0.61087346
G0064536.JPG,1,0.68038213
G0064538.JPG,1,0.69286966
G0064539.JPG,1,0.847606
G0064540.JPG,1,0.9421148
G0064541.JPG,1,0.86139894
G0064542.JPG,1,0.7657971
G0064543.JPG,1,0.8889999
G0064546.JPG,1,0.5474838
G0064548.JPG,1,0.766312
G0064549 (1).JPG,1,0.90728116
G0064549(1).JPG,1,0.90728116
G0064549.JPG,1,0.90728116
G0064556.JPG,1,0.90758336
G0064557.JPG,1,0.8291262
G0064558.JPG,1,0.8494774
G0064560.JPG,1,0.8953706
G0064561.JPG,1,0.867168
G0064562.JPG,1,0.98899823
G0064565.JPG,1,0.853784
G0064566.JPG,1,0.6740261
G0064567.JPG,1,0.559204
G0064568.JPG,1,0.7394653
G0064569.JPG,1,0.6655897
G0064570.JPG,0,0.3934732
G0064572.JPG,1,0.87378573
G0064573.JPG,1,0.80571604
G0064575.JPG,1,0.8548203
G0064577.JPG,1,0.8180892
G0064578.JPG,1,0.53735304
G0064579.JPG,1,0.5927391
G0064580.JPG,1,0.51586837
G0064581.JPG,1,0.57930464
G0064589.JPG,1,0.9779735
G0064590.JPG,1,0.98933417
G0064595.JPG,1,0.9232623
G0064605.JPG,1,0.9709163
G0064617.JPG,1,0.5908281
G0064619.JPG,1,0.8022494
G0064620.JPG,1,0.55128413
G0064626.JPG,0,0.37450793
G0064627.JPG,1,0.7633989
G0064628.JPG,1,0.56912744
G0064629.JPG,1,0.7328007
G0064631.JPG,1,0.9133274
G0064639.JPG,1,0.8543361
G0064640.JPG,1,0.8294159
G0064642.JPG,1,0.7402341
G0064644.JPG,1,0.7804995
G0064664.JPG,1,0.5486976
G0064666.JPG,1,0.6894188
G0064709.JPG,1,0.60900956
G0064710.JPG,1,0.6940951
G0064711.JPG,1,0.5408547
G0064712.JPG,1,0.63615805
G0064714.JPG,1,0.5734752
G0064715.JPG,0,0.402405
G0064716.JPG,1,0.7757682
G0064722.JPG,1,0.53791857
G0064723.JPG,0,0.4343334
G0064724.JPG,0,0.44387335
G0064725.JPG,1,0.67623353
G0064738.JPG,1,0.5522846
G0064739.JPG,1,0.76048666
G0064743.JPG,1,0.6968549
G0064753.JPG,1,0.50029397
G0064754.JPG,1,0.719684
G0064755.JPG,1,0.57022786
G0064768.JPG,1,0.69295967
G0064769.JPG,1,0.6813661
G0064770.JPG,1,0.710776
G0064779.JPG,0,0.38197234
G0064784.JPG,1,0.74616027
G0064795.JPG,1,0.69731647
G0064796.JPG,1,0.71051556
G0064797.JPG,1,0.8721619
G0064805.JPG,1,0.81191456
G0064806.JPG,1,0.8062519
G0064807.JPG,1,0.849584
G0064809.JPG,1,0.8004915
G0064820.JPG,1,0.77365065
G0064821.JPG,1,0.8093965
G0064822.JPG,1,0.8667629
G0064823.JPG,1,0.8319289
G0064824.JPG,1,0.83020765
G0064825.JPG,1,0.5509386
G0064826.JPG,1,0.5773635
G0064849.JPG,1,0.85551125
G0064850.JPG,1,0.8493211
G0064852.JPG,1,0.82217264
G0064856.JPG,0,0.4451149
G0064857.JPG,0,0.12829757
G0064858.JPG,0,0.4362451
G0064859.JPG,0,0.41783693
G0064860.JPG,0,0.37539005
G0064861.JPG,1,0.60072356
G0064865.JPG,1,0.58688354
G0064867.JPG,1,0.67046785
G0064868.JPG,1,0.60991424
G0064888.JPG,0,0.17682269
G0064889.JPG,0,0.095386185
G0064890.JPG,0,0.09352828
G0064891.JPG,0,0.16104777
G0064892.JPG,0,0.09980312
G0064893.JPG,0,0.0669952
G0064894.JPG,0,0.046100803
G0064895.JPG,0,0.16146779
G0064896.JPG,0,0.18024877
G0064897.JPG,0,0.16802427
G0064899.JPG,0,0.28495783
G0064900.JPG,0,0.29849106
G0064901.JPG,0,0.22083923
G0064902.JPG,0,0.33752367
G0064903.JPG,0,0.0608624
G0064906.JPG,0,0.3884198
G0064907.JPG,0,0.2695592
G0064908.JPG,1,0.73468137
G0064909.JPG,1,0.76696086
G0064910.JPG,1,0.67046213
G0064911.JPG,0,0.382914
G0064912.JPG,0,0.23028924
G0064913.JPG,1,0.5444992
G0064914.JPG,0,0.16296867
G0064915.JPG,0,0.036843896
G0064916.JPG,0,0.06863423
G0064917.JPG,0,0.105169155
G0064918.JPG,0,0.041383043
G0064919.JPG,0,0.05617747
G0064924.JPG,0,0.04130902
G0064925.JPG,0,0.0310462
G0064926.JPG,0,0.06979479
G0064927.JPG,0,0.09007138
G0064928.JPG,0,0.073064566
G0064929.JPG,0,0.13675672
G0064931.JPG,0,0.079985976
G0064932.JPG,0,0.10400188
G0064939.JPG,0,0.36182225
G0064940.JPG,0,0.34049198
G0064941.JPG,0,0.22205591
G0064943.JPG,0,0.08849956
G0064949.JPG,0,0.113665484
G0064950.JPG,0,0.14672986
G0064971.JPG,0,0.15371633
G0064972.JPG,0,0.040891837
G0064973.JPG,0,0.060422756
G0064978.JPG,1,0.59469354
G0064983.JPG,0,0.09028086
G0064985.JPG,0,0.12658131
G0064990.JPG,0,0.26213437
G0064998.JPG,0,0.17725646
G0064999.JPG,0,0.15937503
G0065001.JPG,0,0.0059981663
G0065007.JPG,0,0.023293894
G0065008.JPG,0,0.048503276
G0065014.JPG,0,0.17687432
G0065019.JPG,0,0.032745708
G0065020.JPG,0,0.042571902
G0065023.JPG,0,0.051537618
G0065025.JPG,0,0.04166384
G0065028.JPG,0,0.02078197
G0065039.JPG,0,0.030200087
G0065042.JPG,0,0.051856086
G0065043.JPG,0,0.023639346
G0065046.JPG,0,0.032443807
G0065060.JPG,0,0.023928195
G0065064.JPG,0,0.016555537
G0065065.JPG,0,0.015230073
G0065067.JPG,0,0.025649741
G0065075.JPG,0,0.019293388
G0065077.JPG,0,0.00940006
G0065079.JPG,0,0.007479997
G0065085.JPG,0,0.02471024
G0065087.JPG,0,0.023837281
G0065088.JPG,0,0.014882695
G0065090.JPG,0,0.030999875
G0065091.JPG,0,0.0066239345
G0065094.JPG,0,0.1071647
G0065107.JPG,0,0.01578905
G0065108.JPG,0,0.01150317
G0065110.JPG,0,0.07801236
G0065113.JPG,0,0.036266852
G0065114.JPG,0,0.058596596
G0065120.JPG,0,0.2896843
G0065125.JPG,0,0.071329206
G0065136.JPG,0,0.029241951
G0065145.JPG,0,0.030456083
G0065146.JPG,0,0.06607769
G0065147.JPG,0,0.039112624
G0065148.JPG,0,0.0545275
G0065157.JPG,0,0.008103134
G0065158.JPG,0,0.008624423
G0065159.JPG,0,0.006261352
G0065161.JPG,0,0.018525511
G0065162.JPG,0,0.028882977
G0065164.JPG,0,0.023524527
G0065169.JPG,0,0.012028526
G0065170.JPG,0,0.04120669
G0065173.JPG,0,0.24152796
G0065175.JPG,0,0.1579122
G0065176.JPG,0,0.14530182
G0065183.JPG,0,0.18741606
G0065184.JPG,0,0.09345401
G0065186.JPG,0,0.25151125
G0065187.JPG,0,0.32860422
G0065188.JPG,0,0.32421088
G0065197.JPG,0,0.16461335
G0065198.JPG,0,0.46185684
G0065199.JPG,0,0.22026066
G0065200.JPG,0,0.3579734
G0065201.JPG,1,0.58152384
G0065218.JPG,1,0.52459556
G0065232.JPG,1,0.7406894
G0065241.JPG,1,0.8832561
G0065273.JPG,1,0.92283213
G0065274.JPG,1,0.94985497
G0065278.JPG,1,0.9936249
G0065279.JPG,1,0.9441187
G0065280.JPG,1,0.9822306
G0065283.JPG,1,0.9438406
G0065284.JPG,1,0.8781547
G0065300.JPG,1,0.96899545
G0065301.JPG,1,0.8815252
G0065341.JPG,0,0.33986497
G0065342.JPG,0,0.19702984
G0065433.JPG,0,0.10414233
G0065434.JPG,0,0.053637423
G0065613.JPG,1,0.52452797
G0065614.JPG,0,0.37803867
G0065656.JPG,0,0.36125544
G0065657.JPG,1,0.5178717
G0065658.JPG,0,0.44756496
G0065669.JPG,1,0.9241533
G0065744.JPG,1,0.5458071
G0065756.JPG,0,0.47618267
G0065757.JPG,0,0.31330162
G0065758.JPG,0,0.26366097
G0065767.JPG,1,0.55545944
G0065768.JPG,1,0.6446952
G0065769.JPG,1,0.6368668
G0065770.JPG,1,0.743564
G0065792.JPG,1,0.56451494
G0065793.JPG,1,0.82059777
G0065794.JPG,1,0.9802289
G0065795.JPG,1,0.99593604
G0065814.JPG,0,0.44845167
G0065815.JPG,0,0.33794552
G0065835.JPG,0,0.19211231
G0065840.JPG,0,0.118288346
G0065841.JPG,0,0.17996135
G0065842.JPG,0,0.029291766
G0065843.JPG,0,0.09491239
G0065845.JPG,0,0.29157797
G0065846.JPG,0,0.14148502
G0065847.JPG,0,0.41437846
G0065851.JPG,1,0.8946144
G0065852.JPG,1,0.8507392
G0065902.JPG,0,0.15159725
G0066026.JPG,1,0.7326441
G0066027.JPG,1,0.68774116
G0066028.JPG,1,0.79775023
G0066084.JPG,0,0.11297135
G0066086.JPG,0,0.35524675
G0066087.JPG,0,0.306495
G0066107.JPG,0,0.2711732
G0066108.JPG,0,0.42784265
G0066109.JPG,1,0.5509609
G0066117.JPG,0,0.3796089
G0066118.JPG,0,0.37321356
G0066126.JPG,0,0.2187832
G0066128.JPG,0,0.42446068
G0066129.JPG,1,0.5643082
G0066133.JPG,0,0.21105345
G0066134.JPG,0,0.1703922
G0066136.JPG,0,0.12912264
G0066137.JPG,0,0.1938594
G0066138.JPG,0,0.2073988
G0066139.JPG,0,0.14430204
G0066141.JPG,0,0.24427319
G0066145.JPG,0,0.21366657
G0066148.JPG,0,0.05117253
G0066149.JPG,0,0.17849606
G0066152.JPG,0,0.082219616
G0066154.JPG,0,0.029877178
G0066155.JPG,0,0.046774503
G0066156.JPG,0,0.052690227
G0066157.JPG,0,0.048801534
G0066159.JPG,0,0.027867248
G0066160.JPG,0,0.08339351
G0066162.JPG,0,0.042146716
G0066163.JPG,0,0.04729437
G0066164.JPG,0,0.031263016
G0066165.JPG,0,0.017953208
G0066170.JPG,0,0.025557708
G0066171.JPG,0,0.026681654
G0066172.JPG,0,0.018393988
G0066174.JPG,0,0.033746604
G0066175.JPG,0,0.043772567
G0066177.JPG,0,0.023420582
G0066178.JPG,0,0.020033574
G0066182.JPG,0,0.043922998
G0066183.JPG,0,0.053473506
G0066184.JPG,0,0.03886756
G0066189.JPG,0,0.028411033
G0066190.JPG,0,0.050066262
G0066191.JPG,0,0.04562748
G0066192.JPG,0,0.017310249
G0066193.JPG,0,0.023789635
G0066195.JPG,0,0.039948385
G0066196.JPG,0,0.034010857
G0066197.JPG,0,0.06361336
G0066198.JPG,0,0.049097773
G0066204.JPG,0,0.002472561
G0066205.JPG,0,0.042734653
G0066206.JPG,0,0.012914514
G0066208.JPG,0,0.029572776
G0066212.JPG,0,0.14893636
G0066213.JPG,0,0.0059562842
G0066214.JPG,0,0.019484773
G0066215.JPG,0,0.016549312
G0066216.JPG,0,0.01839179
G0066217.JPG,0,0.015763966
G0066218.JPG,0,0.0121784685
G0066219.JPG,0,0.0037772667
G0066220.JPG,0,0.030038355
G0066221.JPG,0,0.014175938
G0066222.JPG,0,0.0661293
G0066223.JPG,0,0.08971986
G0066224.JPG,0,0.2021291
G0066226.JPG,0,0.19663636
G0066229.JPG,0,0.41946983
G0066232.JPG,0,0.13450368
G0066233.JPG,0,0.08114177
G0066236.JPG,0,0.11434074
G0066237.JPG,0,0.085369505
G0066253.JPG,1,0.5618143
G0066261.JPG,0,0.11931817
G0066262.JPG,0,0.34536517
G0066263.JPG,0,0.32983446
G0066342.JPG,1,0.8617564
G0066360.JPG,0,0.39421314
G0066363.JPG,0,0.2775249
G0066364.JPG,0,0.22818212
G0066365.JPG,0,0.2760082
G0066366.JPG,0,0.47418395
G0066367.JPG,1,0.66067713
G0066396.JPG,1,0.67948127
G0066397.JPG,1,0.6220173
G0066398.JPG,1,0.7071172
G0066399.JPG,1,0.92729443
G0066416.JPG,1,0.641304
G0066421.JPG,0,0.25835016
G0066492.JPG,1,0.7295226
G0066493.JPG,1,0.5949805
G0066494.JPG,1,0.55376637
G0066547.JPG,1,0.72764564
G0066548.JPG,1,0.56466424
G0066551.JPG,1,0.6943297
G0066552.JPG,1,0.70908934
G0066553.JPG,1,0.69403845
G0066554.JPG,1,0.6532143
G0066555.JPG,1,0.5586542
G0066557.JPG,1,0.7336493
G0066559.JPG,1,0.8664639
G0066560.JPG,1,0.9523359
G0066561.JPG,1,0.84806246
G0066562.JPG,1,0.9263571
G0066563.JPG,1,0.9379407
G0066564.JPG,1,0.89256084
G0066566.JPG,1,0.85917467
G0066567.JPG,1,0.94389904
G0066568.JPG,1,0.9389094
G0066570.JPG,1,0.93208
G0066571.JPG,1,0.8108217
G0066572.JPG,1,0.92120695
G0066574.JPG,1,0.83774996
G0066575.JPG,0,0.4850629
G0066576.JPG,1,0.68671024
G0066577.JPG,1,0.7883968
G0066578.JPG,1,0.8013172
G0066579.JPG,1,0.8493709
G0066580.JPG,1,0.9168186
G0066583.JPG,1,0.9157982
G0066584.JPG,1,0.9535158
G0066585.JPG,1,0.9755356
G0066586.JPG,1,0.9558517
G0066587.JPG,1,0.9681309
G0066589.JPG,1,0.98090965
G0066590.JPG,1,0.9629039
G0066591.JPG,1,0.96476674
G0066592.JPG,1,0.97294384
G0066593.JPG,1,0.96882737
G0066594.JPG,1,0.9675291
G0066595.JPG,1,0.9301967
G0066596.JPG,1,0.7984149
G0066597.JPG,1,0.64366883
G0066598.JPG,1,0.8949879
G0066599.JPG,1,0.9286819
G0066600.JPG,1,0.89961994
G0066601.JPG,1,0.80184084
G0066602.JPG,1,0.9598513
G0066604.JPG,1,0.8414625
G0066605.JPG,1,0.8739744
G0066606.JPG,1,0.85842365
G0066607.JPG,1,0.899579
G0066608.JPG,1,0.8931863
G0066609.JPG,1,0.8952336
G0066610.JPG,1,0.6843167
G0066611.JPG,1,0.791252
G0066613.JPG,1,0.90799147
G0066614.JPG,1,0.8159561
G0066615.JPG,1,0.77450836
G0066616.JPG,1,0.5928868
G0066617.JPG,1,0.79219717
G0066618.JPG,1,0.5694336
G0066619.JPG,1,0.77404803
G0066620.JPG,1,0.6616623
G0066621.JPG,1,0.8070033
G0066625.JPG,1,0.83385634
G0066626.JPG,1,0.8825645
G0066627.JPG,1,0.92575943
G0066628.JPG,1,0.90558356
G0066629.JPG,1,0.8761278
G0066630.JPG,1,0.98524064
G0066632.JPG,1,0.9606164
G0066633.JPG,1,0.97680455
G0066634.JPG,1,0.8772527
G0066635.JPG,1,0.9598332
G0066636.JPG,1,0.94997436
G0066641.JPG,1,0.8122254
G0066642.JPG,1,0.80597556
G0066643.JPG,1,0.6958097
G0066644.JPG,1,0.8300487
G0066645.JPG,1,0.8290636
G0066646.JPG,1,0.7132298
G0066647.JPG,1,0.673613
G0066651.JPG,1,0.9201021
G0066695.JPG,0,0.45612898
G0066696.JPG,0,0.4193098
G0066704.JPG,1,0.7386605
G0066817.JPG,0,0.11979286
G0066876.JPG,0,0.19928424
G0066877.JPG,0,0.27080384
G0066878.JPG,0,0.49197772
G0066879.JPG,0,0.3041127
G0066880.JPG,0,0.33673486
G0066881.JPG,0,0.15913172
G0066886.JPG,1,0.8306606
G0066887.JPG,1,0.7346307
G0066910.JPG,0,0.308409
G0066911.JPG,0,0.24755333
G0066912.JPG,0,0.088757716
G0066916.JPG,0,0.088947475
G0066919.JPG,0,0.105650485
G0066920.JPG,0,0.19957247
G0066924.JPG,0,0.16313699
G0066930.JPG,0,0.22806087
G0066932.JPG,0,0.16312274
G0066933.JPG,0,0.14095074
G0066934.JPG,0,0.07595575
G0066938.JPG,0,0.43459833
G0066939.JPG,0,0.3426434
G0066943.JPG,0,0.28619394
G0066944.JPG,0,0.40570828
G0066950.JPG,0,0.19995281
G0066951.JPG,0,0.3607727
G0066953.JPG,0,0.48903334
G0066961.JPG,1,0.6350553
G0066962.JPG,1,0.6900561
G0066963.JPG,1,0.5860211
G0066964.JPG,1,0.5707927
G0066965.JPG,0,0.20286521
G0066966.JPG,0,0.03642178
G0066967.JPG,0,0.11364778
G0066980.JPG,0,0.3913894
G0066981.JPG,0,0.35932744
G0066982.JPG,1,0.5314483
G0066983.JPG,1,0.6616248
G0066984.JPG,1,0.7271629
G0066986.JPG,1,0.72688776
G0066987.JPG,1,0.7559081
G0066988.JPG,1,0.7947773
G0067002.JPG,1,0.6213723
G0067006.JPG,1,0.5378284
G0067007.JPG,1,0.50347716
G0067011.JPG,1,0.6104656
G0067012.JPG,1,0.69765824
G0067019.JPG,1,0.7894578
G0067035.JPG,1,0.6447671
G0067037.JPG,1,0.9274422
G0067038.JPG,1,0.7347195
G0067039.JPG,1,0.8348633
G0067040.JPG,1,0.52197033
G0067042.JPG,1,0.86946666
G0067043.JPG,1,0.8611811
G0067044.JPG,1,0.78708196
G0067045.JPG,1,0.92469364
G0067046.JPG,1,0.8823754
G0067056.JPG,0,0.13754861
G0067057.JPG,0,0.13725701
G0067062.JPG,0,0.18407714
G0067063.JPG,0,0.12502933
G0067064.JPG,0,0.19154775
G0067069.JPG,0,0.44961637
G0067078.JPG,1,0.6640962
G0067082.JPG,0,0.35593423
G0067083.JPG,1,0.5152671
G0067100.JPG,0,0.33602217
G0067102.JPG,0,0.045937143
G0067104.JPG,0,0.023040442
G0067106.JPG,0,0.065202795
G0067107.JPG,0,0.07111947
G0067108.JPG,0,0.11052836
G0067110.JPG,0,0.14363125
G0067111.JPG,0,0.09394991
G0067117.JPG,0,0.18345596
G0067118.JPG,0,0.21754472
G0067120.JPG,0,0.13335937
G0067122.JPG,0,0.13157651
G0067124.JPG,0,0.11038148
G0067125.JPG,0,0.102120206
G0067128.JPG,0,0.16765355
G0067130.JPG,0,0.037787907
G0067131.JPG,0,0.07310119
G0067132.JPG,0,0.10183515
G0067133.JPG,0,0.04334764
G0067134.JPG,0,0.05756485
G0067135.JPG,0,0.029484393
G0067136.JPG,0,0.06668901
G0067139.JPG,0,0.16184233
G0067140.JPG,0,0.18658605
G0067144.JPG,0,0.21402922
G0067145.JPG,0,0.07317894
G0067149.JPG,0,0.061032746
G0067150.JPG,0,0.044143114
G0067153.JPG,0,0.06026989
G0067158.JPG,0,0.034189403
G0067160.JPG,0,0.05371412
G0067162.JPG,0,0.018151194
G0067163.JPG,0,0.040079627
G0067164.JPG,0,0.031009978
G0067166.JPG,0,0.020613594
G0067167.JPG,0,0.017740928
G0067168.JPG,0,0.08418961
G0067169.JPG,0,0.06600307
G0067172.JPG,0,0.017243609
G0067174.JPG,0,0.016139511
G0067177.JPG,0,0.035063565
G0067178.JPG,0,0.017115677
G0067179.JPG,0,0.03815286
G0067180.JPG,0,0.018895654
G0067181.JPG,0,0.027372744
G0067184.JPG,0,0.11384325
G0067185.JPG,0,0.10740863
G0067186.JPG,0,0.05824922
G0067187.JPG,0,0.049781125
G0067190.JPG,0,0.07950151
G0067192.JPG,0,0.04436444
G0067193.JPG,0,0.06063839
G0067195.JPG,0,0.045512926
G0067201.JPG,0,0.05983729
G0067204.JPG,0,0.047203057
G0067205.JPG,0,0.029358272
G0067209.JPG,0,0.13322848
G0067210.JPG,0,0.072578065
G0067211.JPG,0,0.09002791
G0067213.JPG,0,0.12215639
G0067215.JPG,0,0.04352523
G0067216.JPG,0,0.038805313
G0067218.JPG,0,0.07163198
G0067219.JPG,0,0.06089983
G0067222.JPG,0,0.098525636
G0067224.JPG,0,0.068751425
G0067225.JPG,0,0.08000784
G0067227.JPG,0,0.23383912
G0067229.JPG,0,0.028614936
G0067230.JPG,0,0.10202081
G0067231.JPG,0,0.06575128
G0067233.JPG,0,0.15920052
G0067234.JPG,0,0.25033456
G0067238.JPG,0,0.072862364
G0067239.JPG,0,0.06432848
G0067243.JPG,0,0.08485812
G0067244.JPG,0,0.05451774
G0067245.JPG,0,0.1532642
G0067246.JPG,0,0.08503149
G0067247.JPG,0,0.12523276
G0067248.JPG,0,0.12860137
G0067249.JPG,0,0.13004404
G0067250.JPG,0,0.102517225
G0067252.JPG,0,0.051030558
G0067254.JPG,0,0.10601667
G0067256.JPG,0,0.16617252
G0067257.JPG,0,0.09651862
G0067258.JPG,0,0.11092063
G0067259.JPG,0,0.09095075
G0067260.JPG,0,0.062316332
G0067262.JPG,0,0.04172379
G0067264.JPG,0,0.052157093
G0067265.JPG,0,0.121014684
G0067266.JPG,0,0.060208663
G0067267.JPG,0,0.06534139
G0067271.JPG,0,0.04471634
G0067273.JPG,0,0.036759764
G0067274.JPG,0,0.088695586
G0067275.JPG,0,0.084167555
G0067276.JPG,0,0.12128395
G0067277.JPG,0,0.12483633
G0067278.JPG,0,0.06716787
G0067279.JPG,0,0.13844979
G0067280.JPG,0,0.030558862
G0067282.JPG,0,0.010353709
G0067286.JPG,0,0.029294876
G0067287.JPG,0,0.04226825
G0067288.JPG,0,0.03141611
G0067289.JPG,0,0.012464067
G0067290.JPG,0,0.028032804
G0067292.JPG,0,0.022319902
G0067293.JPG,0,0.086265914
G0067297.JPG,0,0.121415
G0067298.JPG,0,0.057510395
G0067299.JPG,0,0.04495112
G0067300.JPG,0,0.06510686
G0067301.JPG,0,0.04428106
G0067302.JPG,0,0.029115003
G0067303.JPG,0,0.015218243
G0067305.JPG,0,0.024927635
G0067307.JPG,0,0.06084232
G0067308.JPG,0,0.02756855
G0067310.JPG,0,0.011668162
G0067311.JPG,0,0.016101915
G0067312.JPG,0,0.041882098
G0067313.JPG,0,0.02561285
G0067314.JPG,0,0.004110158
G0067315.JPG,0,0.005949408
G0067316.JPG,0,0.0074362494
G0067318.JPG,0,0.007926812
G0067319.JPG,0,0.007792638
G0067321.JPG,0,0.008487643
G0067326.JPG,0,0.0044472143
G0067327.JPG,0,0.004321806
G0067328.JPG,0,0.011438789
G0067329.JPG,0,0.0070469226
G0067330.JPG,0,0.004704879
G0067331.JPG,0,0.0042421976
G0067332.JPG,0,0.011131851
G0067333.JPG,0,0.012491646
G0067334.JPG,0,0.01426201
G0067335.JPG,0,0.0037659397
G0067336.JPG,0,0.008792713
G0067337.JPG,0,0.0077468744
G0067338.JPG,0,0.009400282
G0067339.JPG,0,0.01207093
G0067341.JPG,0,0.009533169
G0067342.JPG,0,0.005878733
G0067343.JPG,0,0.0152761275
G0073531.JPG,0,0.2175362
G0073819.JPG,1,0.9657917
G0073831.JPG,1,0.9658134
G0073832.JPG,1,0.9770542
G0073833.JPG,1,0.9903914
G0073834.JPG,1,0.9972568
G0073838.JPG,1,0.94254553
G0073886.JPG,1,0.7914584
G0073887.JPG,1,0.73617256
G0073888.JPG,1,0.89670587
G0073889.JPG,1,0.872974
G0073979.JPG,1,0.6916298
G0073980.JPG,1,0.804391
G0074083.JPG,1,0.6817209
G0074084.JPG,1,0.8617498
G0074098.JPG,1,0.7716334
G0074099.JPG,1,0.85916835
G0074113.JPG,0,0.24487953
G0074114.JPG,1,0.6174003
G0074187.JPG,0,0.43586063
G0074221.JPG,0,0.36724555
G0077344.JPG,0,0.016883733
G0077364.JPG,1,0.70453286
G0077365.JPG,0,0.13158599
G0077366.JPG,0,0.10266847
G0077369.JPG,0,0.031087687
G0077370.JPG,0,0.026922176
G0077371.JPG,0,0.034831136
G0077373.JPG,0,0.03310573
G0077376.JPG,0,0.028024161
G0077377.JPG,0,0.058821462
G0077379.JPG,0,0.029986998
G0077383.JPG,0,0.025214108
G0077385.JPG,0,0.018050402
G0077386.JPG,0,0.013440396
G0077387.JPG,0,0.028474092
G0077388.JPG,0,0.065498665
G0077389.JPG,0,0.043819796
G0077390.JPG,0,0.23951821
G0077391.JPG,0,0.15016797
G0077392.JPG,0,0.09418958
G0077393.JPG,0,0.06066545
G0077395.JPG,0,0.040469807
G0077396.JPG,0,0.027048357
G0077397.JPG,0,0.07227156
G0077399.JPG,0,0.13138835
G0077400.JPG,0,0.0437474
G0077401.JPG,0,0.17030014
G0077432.JPG,0,0.2510124
G0077446.JPG,0,0.18134253
G0077447.JPG,0,0.07301557
G0077448.JPG,0,0.08407125
G0077449.JPG,0,0.09702464
G0077450.JPG,0,0.092118405
G0077452.JPG,0,0.01735633
G0077454.JPG,0,0.02129956
G0077455.JPG,0,0.027691644
G0077456.JPG,0,0.05636165
G0077458.JPG,0,0.05298765
G0077459.JPG,0,0.06212136
G0077460.JPG,0,0.05910013
G0077461.JPG,0,0.021608476
G0077462.JPG,0,0.033075478
G0077464.JPG,0,0.040114522
G0077465.JPG,0,0.015537863
G0077466.JPG,0,0.053181138
G0077468.JPG,0,0.043807924
G0077469.JPG,0,0.04890521
G0077472.JPG,0,0.043992113
G0077473.JPG,0,0.020955596
G0077474.JPG,0,0.027400477
G0077475.JPG,0,0.012757242
G0077477.JPG,0,0.011892952
G0077478.JPG,0,0.015169226
G0077479.JPG,0,0.033573188
G0077480.JPG,0,0.011021837
G0077481.JPG,0,0.010981603
G0077483.JPG,0,0.0047219153
G0077484.JPG,0,0.012448388
G0077485.JPG,0,0.020895837
G0077487.JPG,0,0.012251704
G0077488.JPG,0,0.008236596
G0077489.JPG,0,0.006840417
G0077490.JPG,0,0.014608674
G0077491.JPG,0,0.029895151
G0077492.JPG,0,0.022280453
G0077493.JPG,0,0.02421593
G0077495.JPG,0,0.016546914
G0077496.JPG,0,0.033869
G0077497.JPG,0,0.036553375
G0077498.JPG,0,0.012549801
G0077499.JPG,0,0.020690879
G0077500.JPG,0,0.027724346
G0077501.JPG,0,0.020915298
G0077502.JPG,0,0.04080985
G0077503.JPG,0,0.042739976
G0077504.JPG,0,0.03534763
G0077505.JPG,0,0.016787946
G0077506.JPG,0,0.02713163
G0077507.JPG,0,0.018941065
G0077508.JPG,0,0.016773494
G0077510.JPG,0,0.021274377
G0077511.JPG,0,0.03736598
G0077512.JPG,0,0.025983997
G0077513.JPG,0,0.014663213
G0077514.JPG,0,0.013025327
G0077515.JPG,0,0.026290627
G0077516.JPG,0,0.020399986
G0077517.JPG,0,0.020370264
G0077519.JPG,0,0.03076398
G0077520.JPG,0,0.01946808
G0077521.JPG,0,0.023297211
G0077522.JPG,0,0.0193794
G0077523.JPG,0,0.0340677
G0077524.JPG,0,0.046990503
G0077525.JPG,0,0.011362668
G0077526.JPG,0,0.0042063864
G0077527.JPG,0,0.015268275
G0077529.JPG,0,0.050749235
G0077530.JPG,0,0.13102509
G0077532.JPG,0,0.07413422
G0077533.JPG,0,0.027121756
G0077534.JPG,0,0.054251626
G0077536.JPG,0,0.029174205
G0077537.JPG,0,0.023264518
G0077538.JPG,0,0.011791176
G0077570.JPG,0,0.031778116
G0077572.JPG,0,0.04198886
G0077574.JPG,0,0.056764364
G0077575.JPG,0,0.055925466
G0077576.JPG,0,0.011602884
G0077577.JPG,0,0.040451773
G0077578.JPG,0,0.038395137
G0077579.JPG,0,0.029963296
G0077581.JPG,0,0.077653565
G0077584.JPG,0,0.016573045
G0077585.JPG,0,0.021493847
G0077586.JPG,0,0.04623992
G0077587.JPG,0,0.027120681
G0077588.JPG,0,0.01685053
G0077589.JPG,0,0.011911205
G0077590.JPG,0,0.027516393
G0077592.JPG,0,0.022093449
G0077593.JPG,0,0.034528118
G0077594.JPG,0,0.017554369
G0077595.JPG,0,0.012388947
G0077596.JPG,0,0.01971446
G0077597.JPG,0,0.02463542
G0077598.JPG,0,0.023613313
G0077599.JPG,0,0.026636474
G0077600.JPG,0,0.042038932
G0077601.JPG,0,0.023623364
G0077602.JPG,0,0.022055889
G0077603.JPG,0,0.04605561
G0077604.JPG,0,0.05039185
G0077605.JPG,0,0.015039889
G0077606.JPG,0,0.011483884
G0077607.JPG,0,0.115238994
G0077609.JPG,0,0.02229939
G0077610.JPG,0,0.018030649
G0077611.JPG,0,0.15358706
G0077613.JPG,0,0.037232574
G0077614.JPG,0,0.024280684
G0077615.JPG,0,0.020960873
G0077616.JPG,0,0.048272327
G0077617.JPG,0,0.06108659
G0077618.JPG,0,0.054529987
G0077620.JPG,0,0.038427897
G0077622.JPG,0,0.021106334
G0077623.JPG,0,0.028408742
G0077625.JPG,0,0.009250149
G0077626.JPG,0,0.034369558
G0077627.JPG,0,0.023660049
G0077628.JPG,0,0.03234172
G0077630.JPG,0,0.010071339
G0077631.JPG,0,0.031878844
G0077632.JPG,0,0.029838413
G0077633.JPG,0,0.022447461
G0077634.JPG,0,0.02095271
G0077635.JPG,0,0.02349776
G0077636.JPG,0,0.023270829
G0077637.JPG,0,0.046014715
G0077638.JPG,0,0.059907906
G0077639.JPG,0,0.0531878
G0077640.JPG,0,0.046553172
G0077641.JPG,0,0.028884975
G0077643.JPG,0,0.020331504
G0077644.JPG,0,0.020865534
G0077645.JPG,0,0.019017862
G0077646.JPG,0,0.026796618
G0077647.JPG,0,0.055799913
G0077648.JPG,0,0.017548794
G0077649.JPG,0,0.022783516
G0077651.JPG,0,0.052714046
G0077652.JPG,0,0.065886624
G0077654.JPG,0,0.03925743
G0077655.JPG,0,0.018195083
G0077656.JPG,0,0.03245779
G0077657.JPG,0,0.057296462
G0077658.JPG,0,0.030676575
G0077659.JPG,0,0.025506912
G0077660.JPG,0,0.019936642
G0077661.JPG,0,0.029086642
G0077662.JPG,0,0.041278508
G0077663.JPG,0,0.024193304
G0077664.JPG,0,0.020219052
G0077665.JPG,0,0.048138086
G0077666.JPG,0,0.048960388
G0077667.JPG,0,0.025768394
G0077669.JPG,0,0.007781015
G0077670.JPG,0,0.013699589
G0077672.JPG,0,0.023291495
G0077673.JPG,0,0.057030637
G0077675.JPG,0,0.016168423
G0077676.JPG,0,0.06281478
G0077677.JPG,0,0.028551338
G0077678.JPG,0,0.020606043
G0077679.JPG,0,0.026714085
G0077681.JPG,0,0.02399724
G0077683.JPG,0,0.014304184
G0077685.JPG,0,0.0187001
G0077686.JPG,0,0.025045276
G0077687.JPG,0,0.017292995
G0077689.JPG,0,0.031065885
G0077691.JPG,0,0.06975497
G0077693.JPG,0,0.046460766
G0077694.JPG,0,0.0582536
G0077695.JPG,0,0.06963381
G0077696.JPG,0,0.05627694
G0077697.JPG,0,0.103844486
G0077700.JPG,0,0.03979484
G0077701.JPG,0,0.028157208
G0077702.JPG,0,0.031777736
G0077703.JPG,0,0.02188166
G0077704.JPG,0,0.04960885
G0077706.JPG,0,0.060270548
G0077708.JPG,0,0.099429645
G0077710.JPG,0,0.08516287
G0077712.JPG,0,0.047153395
G0077714.JPG,0,0.08699889
G0077715.JPG,0,0.13250124
G0077716.JPG,0,0.08733558
G0077719.JPG,0,0.039928548
G0077720.JPG,0,0.06501819
G0077721.JPG,0,0.09401804
G0077722.JPG,0,0.15426005
G0077723.JPG,0,0.19933088
G0077724.JPG,0,0.21925366
G0077725.JPG,0,0.1523038
G0077727.JPG,0,0.05037536
G0077729.JPG,0,0.05620696
G0077730.JPG,0,0.053732947
G0077731.JPG,0,0.035604186
G0077732.JPG,0,0.07240051
G0077734.JPG,0,0.045302056
G0077735.JPG,0,0.0345252
G0077736.JPG,0,0.053262774
G0077738.JPG,0,0.040076286
G0077739.JPG,0,0.039543625
G0077740.JPG,0,0.058524057
G0077741.JPG,0,0.11176209
G0077742.JPG,0,0.103855774
G0077743.JPG,0,0.056418777
G0077749.JPG,0,0.07345074
G0077750.JPG,0,0.17064358
G0077754.JPG,0,0.06686934
G0077757.JPG,0,0.063189454
G0077758.JPG,0,0.08354172
G0077759.JPG,0,0.08130613
G0077760.JPG,0,0.11601844
G0077761.JPG,0,0.47296235
G0077763.JPG,0,0.12161438
G0077764.JPG,0,0.10455341
G0077765.JPG,0,0.044458404
G0077766.JPG,0,0.060977347
G0077767.JPG,0,0.115319386
G0077768.JPG,0,0.039024174
G0077769.JPG,0,0.0604699
G0077771.JPG,0,0.08430485
G0077773.JPG,0,0.14778246
G0077774.JPG,0,0.044701036
G0077775.JPG,0,0.023049615
G0077776.JPG,0,0.03340017
G0077777.JPG,0,0.041165292
G0077778.JPG,0,0.042320397
G0077781.JPG,0,0.023156427
G0077782.JPG,0,0.057726383
G0077783.JPG,0,0.045698177
G0077784.JPG,0,0.02167105
G0077786.JPG,0,0.048080444
G0077787.JPG,0,0.032778982
G0077789.JPG,0,0.026319204
G0077790.JPG,0,0.057426337
G0077792.JPG,0,0.020685378
G0077794.JPG,0,0.011179933
G0077795.JPG,0,0.025505532
G0077797.JPG,0,0.008682493
G0077803.JPG,0,0.005412937
G0077804.JPG,0,0.016543353
G0077805.JPG,0,0.033124372
G0077806.JPG,0,0.019626247
G0077807.JPG,0,0.009926328
G0077809.JPG,0,0.0016062267
G0077810.JPG,0,0.0004962074
G0077811.JPG,0,0.001995589
G0077812.JPG,0,0.0017147404
G0077813.JPG,0,0.0024780806
G0077814.JPG,0,0.004324729
G0077815.JPG,0,0.0066951783
G0077818.JPG,0,0.0038454859
G0077819.JPG,0,0.002872487
G0077820.JPG,0,0.0074952063
G0077821.JPG,0,0.005029504
G0077824.JPG,0,0.0047517214
G0077825.JPG,0,0.012675358
G0077826.JPG,0,0.0075500314
G0077827.JPG,0,0.0070382254
G0077828.JPG,0,0.009915571
G0077829.JPG,0,0.012714355
G0077830.JPG,0,0.01827932
G0077832.JPG,0,0.0138463965
G0077833.JPG,0,0.025168842
G0077834.JPG,0,0.010263025
G0077835.JPG,0,0.014360013
G0077836.JPG,0,0.009826905
G0077837.JPG,0,0.011197697
G0077838.JPG,0,0.009272761
G0077846.JPG,0,0.029771779
G0077848.JPG,0,0.109488524
G0077849.JPG,0,0.047613535
G0077850.JPG,0,0.05502104
G0077851.JPG,0,0.04735018
G0077852.JPG,0,0.033504624
G0077853.JPG,0,0.05805385
G0077854.JPG,0,0.054106347
G0077855.JPG,0,0.037941664
G0077856.JPG,0,0.041294742
G0077863.JPG,0,0.029555576
G0077864.JPG,0,0.045836154
G0077867.JPG,0,0.009823834
G0077868.JPG,0,0.009663615
G0077869.JPG,0,0.024685007
G0077870.JPG,0,0.031683195
G0077872.JPG,0,0.08423218
G0077873.JPG,0,0.11667329
G0077875.JPG,0,0.04513989
G0077876.JPG,0,0.053133648
G0077877.JPG,0,0.04309533
G0077879.JPG,0,0.050471246
G0077880.JPG,0,0.14874794
G0077882.JPG,0,0.13951726
G0077884.JPG,0,0.05800017
G0077885.JPG,0,0.09495794
G0077887.JPG,0,0.16357605
G0077888.JPG,0,0.14325927
G0077889.JPG,0,0.11923341
G0077890.JPG,0,0.091550715
G0077891.JPG,0,0.06327175
G0077892.JPG,0,0.051818755
G0077894.JPG,0,0.07591467
G0077895.JPG,0,0.04775166
G0077896.JPG,0,0.061209828
G0077897.JPG,0,0.08342358
G0077900.JPG,0,0.10548912
G0077901.JPG,0,0.07479506
G0077902.JPG,0,0.09792768
G0077912.JPG,0,0.06958946
G0077914.JPG,0,0.014318538
G0077915.JPG,0,0.023152111
G0077916.JPG,0,0.027702026
G0077917.JPG,0,0.022936625
G0077918.JPG,0,0.025146728
G0077919.JPG,0,0.04116876
G0077920.JPG,0,0.01874782
G0077921.JPG,0,0.050554484
G0077922.JPG,0,0.049082894
G0077924.JPG,0,0.038732957
G0077925.JPG,0,0.042356804
G0077926.JPG,0,0.043517254
G0077927.JPG,0,0.04094458
G0077932.JPG,0,0.010370828
G0077934.JPG,0,0.018417442
G0077935.JPG,0,0.03397517
G0077936.JPG,0,0.019908741
G0077937.JPG,0,0.01282704
G0077938.JPG,0,0.013676285
G0077939.JPG,0,0.008398812
G0077940.JPG,0,0.059320487
G0077942.JPG,0,0.010590321
G0077946.JPG,0,0.01352338
G0077947.JPG,0,0.012351576
G0077948.JPG,0,0.049438566
G0077949.JPG,0,0.04085319
G0077950.JPG,0,0.029335393
G0077951.JPG,0,0.00808581
G0077952.JPG,0,0.010334812
G0077954.JPG,0,0.03952043
G0077955.JPG,0,0.025410572
G0077956.JPG,0,0.09381726
G0077959.JPG,0,0.30200934
G0077970.JPG,0,0.25396258
G0077972.JPG,0,0.08169051
G0077973.JPG,0,0.07542185
G0077974.JPG,0,0.07218705
G0077980.JPG,0,0.1345226
G0077981.JPG,0,0.02274655
G0077982.JPG,0,0.052470505
G0077984.JPG,0,0.04193649
G0077985.JPG,0,0.010334646
G0077986.JPG,0,0.01570718
G0077988.JPG,0,0.015718155
G0077989.JPG,0,0.0452801
G0077990.JPG,0,0.015294186
G0077991.JPG,0,0.014738768
G0077992.JPG,0,0.016072374
G0077993.JPG,0,0.07539063
G0077997.JPG,1,0.643715
G0077998.JPG,0,0.47922415
G0077999.JPG,0,0.25773603
G0078001.JPG,0,0.34369725
G0078002.JPG,0,0.18111676
G0078003.JPG,0,0.10880103
G0078005.JPG,0,0.15950644
G0078006.JPG,0,0.048263893
G0078008.JPG,0,0.056292642
G0078011.JPG,0,0.20764083
G0078013.JPG,0,0.050484106
G0078014.JPG,0,0.049197517
G0078015.JPG,0,0.041252557
G0078016.JPG,0,0.048868336
G0078017.JPG,0,0.07833517
G0078018.JPG,0,0.1829125
G0078020.JPG,0,0.07684353
G0078021.JPG,0,0.0761148
G0078022.JPG,0,0.06214445
G0078025.JPG,0,0.17773812
G0078026.JPG,0,0.09945259
G0078028.JPG,0,0.19532517
G0078029.JPG,0,0.2054181
G0078031.JPG,0,0.08783059
G0078032.JPG,0,0.13811144
G0078033.JPG,0,0.11593921
G0078035.JPG,0,0.06237338
G0078039.JPG,0,0.13099262
G0078041.JPG,0,0.12380854
G0078042.JPG,0,0.07176412
G0078043.JPG,0,0.11757334
G0078045.JPG,0,0.071567625
G0078046.JPG,0,0.038795248
G0078047.JPG,0,0.02039638
G0078049.JPG,0,0.012313232
G0078051.JPG,0,0.027729351
G0078052.JPG,0,0.21681704
G0078053.JPG,1,0.51576805
G0078097.JPG,0,0.18811914
G0078098.JPG,0,0.17021996
G0078100.JPG,0,0.07222474
G0078102.JPG,0,0.30154556
G0078103.JPG,0,0.09806892
G0078104.JPG,0,0.15800995
G0078105.JPG,0,0.090735875
G0078131.JPG,0,0.16837937
G0078132.JPG,1,0.76773787
G0078133.JPG,1,0.9244847
G0084373.JPG,1,0.7657289
G0084390.JPG,1,0.7529523
G0084391.JPG,1,0.8502595
G0084732.JPG,1,0.9514491
G0084733.JPG,1,0.96473086
G0088141.JPG,1,0.7504661
G0088153.JPG,0,0.035910048
G0088154.JPG,0,0.093217395
G0088155.JPG,0,0.1110596
G0088156.JPG,0,0.16953175
G0088160.JPG,0,0.15948798
G0088161.JPG,0,0.033326644
G0088162.JPG,0,0.062941566
G0088163.JPG,0,0.044149466
G0088164.JPG,0,0.08457822
G0088165.JPG,0,0.05465764
G0088166.JPG,0,0.06412575
G0088167.JPG,0,0.03987555
G0088168.JPG,0,0.053743634
G0088169.JPG,0,0.05543677
G0088174.JPG,0,0.02930437
G0088175.JPG,0,0.049888313
G0088216.JPG,0,0.094511665
G0088217.JPG,0,0.1460836
G0088221.JPG,0,0.07276379
G0088223.JPG,0,0.03357117
G0088224.JPG,0,0.034496088
G0088287.JPG,1,0.5934057
G0088288.JPG,1,0.7253433
G0088289.JPG,1,0.7142761
G0088290.JPG,0,0.40229943
G0088291.JPG,0,0.461525
G0088292.JPG,1,0.53287905
G0088293.JPG,1,0.5331196
G0088295.JPG,1,0.5682471
G0088343.JPG,0,0.2078891
G0088344.JPG,0,0.35633805
G0088375.JPG,0,0.37356898
G0088389.JPG,0,0.110470004
G0088406.JPG,0,0.093197666
G0088407.JPG,0,0.16082375
G0088408.JPG,0,0.23728609
G0088435.JPG,1,0.73594195
G0088436.JPG,1,0.6077511
G0088472.JPG,0,0.3958243
G0088473.JPG,1,0.517903
G0088475.JPG,0,0.37633345
G0088476.JPG,0,0.17604257
G0088477.JPG,0,0.45812482
G0088478.JPG,0,0.13185304
G0088481.JPG,0,0.12984161
G0088482.JPG,0,0.090255946
G0088487.JPG,0,0.14796188
G0088489.JPG,0,0.09026261
G0088491.JPG,0,0.040089957
G0088492.JPG,0,0.046708066
G0088493.JPG,0,0.029811598
G0088494.JPG,0,0.08310408
G0088496.JPG,0,0.11463166
G0088497.JPG,0,0.04779748
G0088498.JPG,0,0.10687625
G0088499.JPG,0,0.06311585
G0088501.JPG,0,0.06495304
G0088503.JPG,0,0.09831534
G0088505.JPG,0,0.1383469
G0088506.JPG,0,0.1616832
G0088507.JPG,0,0.30653638
G0088508.JPG,0,0.3333122
G0088509.JPG,0,0.26705396
G0088510.JPG,0,0.17991251
G0088512.JPG,0,0.09776033
G0088513.JPG,0,0.1499692
G0088515.JPG,0,0.050435044
G0088516.JPG,0,0.1221444
G0088517.JPG,0,0.087443836
G0088518.JPG,0,0.092382
G0088520.JPG,0,0.07155263
G0088522.JPG,0,0.09153037
G0088523.JPG,0,0.086168975
G0088525.JPG,0,0.05965593
G0088527.JPG,0,0.08779252
G0088528.JPG,0,0.14816362
G0088529.JPG,0,0.086454295
G0088530.JPG,0,0.123154126
G0088531.JPG,0,0.17641851
G0088532.JPG,0,0.08240251
G0088535.JPG,0,0.02566102
G0088536.JPG,0,0.022652503
G0088537.JPG,0,0.0622226
G0088538.JPG,0,0.1470041
G0088540.JPG,0,0.20763846
G0088542.JPG,0,0.12975702
G0088543.JPG,0,0.08545065
G0088544.JPG,0,0.056072112
G0088545.JPG,0,0.040753447
G0088546.JPG,0,0.02770559
G0088547.JPG,0,0.03671633
G0088548.JPG,0,0.030302392
G0088549.JPG,0,0.08412619
G0088550.JPG,0,0.12979291
G0088551.JPG,0,0.03862257
G0088552.JPG,0,0.08405245
G0088554.JPG,0,0.1521643
G0088555.JPG,0,0.1344148
G0088556.JPG,0,0.09469232
G0088597.JPG,1,0.7750228
G0088599.JPG,1,0.8102665
G0088617.JPG,1,0.889945
G0088796.JPG,1,0.83905697
G0088797.JPG,1,0.91082007
G0088798.JPG,1,0.89318097
G0088799.JPG,1,0.8928891
G0088800.JPG,1,0.9288886
G0088801.JPG,1,0.92936516
G0088802.JPG,1,0.7522556
G0088803.JPG,1,0.9422792
G0088804.JPG,1,0.7810055
G0088805.JPG,1,0.6430432
G0088806.JPG,1,0.5668409
G0088807.JPG,1,0.6254765
G0088808.JPG,1,0.54803765
G0088812.JPG,0,0.12389394
G0088813.JPG,0,0.24383728
G0088814.JPG,0,0.219363
G0088817.JPG,0,0.12804116
G0088824.JPG,0,0.42437452
G0088826.JPG,0,0.36758626
G0088829.JPG,0,0.1520527
G0088830.JPG,0,0.33684325
G0088831.JPG,0,0.3745081
G0088832.JPG,0,0.36246604
G0088833.JPG,0,0.43883008
G0088970.JPG,1,0.96203166
G0089107.JPG,1,0.59373266
G0089108.JPG,1,0.90560323
G0089161.JPG,1,0.668208
G0089162.JPG,1,0.746818
G0089163.JPG,1,0.91203976
G0089164.JPG,1,0.96461105
G0089194.JPG,1,0.73006034
G0089195.JPG,1,0.8466118
G0089196.JPG,1,0.84312433
G0089197.JPG,1,0.95483226
G0089208.JPG,1,0.91083705
G0089236.JPG,1,0.8980238
G0089239.JPG,1,0.92747325
G0089240.JPG,1,0.9432098
G0089242.JPG,1,0.75333613
G0089243.JPG,1,0.85832256
G0089298.JPG,1,0.5197844
G0089299.JPG,1,0.57597643
G0089360.JPG,0,0.11202515
G0089361.JPG,0,0.06421509
G0089362.JPG,0,0.07341888
G0089363.JPG,0,0.15338153
G0089364.JPG,0,0.26228997
G0089433.JPG,1,0.91967493
G0089434.JPG,1,0.9264247
G0089515.JPG,0,0.024325602
G0089516.JPG,0,0.011069424
G0089517.JPG,0,0.023186428
G0089518.JPG,0,0.104174405
G0089519.JPG,0,0.08772303
G0089520.JPG,0,0.078324616
G0089753.JPG,1,0.79132825
G0089755.JPG,1,0.9321243
G0089756.JPG,1,0.91834515
G0089823.JPG,1,0.987188
G0089824.JPG,1,0.99153966
G0089825.JPG,1,0.98713964
G0089826.JPG,1,0.99388736
G0089827.JPG,1,0.99053156
G0089829.JPG,1,0.97863984
G0089830.JPG,1,0.9787893
G0089831.JPG,1,0.9349454
G0089832.JPG,1,0.842497
G0089833.JPG,1,0.9146329
G0089834.JPG,1,0.81913745
G0089835.JPG,1,0.9318965
G0089837.JPG,1,0.9438713
G0089838.JPG,1,0.92722684
G0089839.JPG,1,0.9206858
G0089840.JPG,1,0.97693706
G0089858.JPG,1,0.7958779
G0089865.JPG,1,0.80132604
G0089867.JPG,1,0.822999
G0089868.JPG,1,0.84092975
G0089869.JPG,1,0.8597759
G0089870.JPG,1,0.90334743
G0089871.JPG,1,0.89929575
G0089872.JPG,1,0.8623285
G0089878.JPG,1,0.7194414
G0089879.JPG,1,0.69609517
G0089880.JPG,1,0.9259281
G0089927.JPG,1,0.72023815
G0089929.JPG,1,0.8812166
G0090163.JPG,1,0.70904666
G0090165.JPG,1,0.6422196
G0090183.JPG,1,0.97053236
G0090184.JPG,1,0.8569549
G0090186.JPG,1,0.71305317
G0090200.JPG,1,0.75553536
G0090201.JPG,0,0.46036768
G0090202.JPG,1,0.6971614
G0090207.JPG,1,0.91418
G0090208.JPG,1,0.9143177
G0090209.JPG,1,0.98056465
G0090210.JPG,1,0.9764973
G0090211.JPG,1,0.9701811
G0090212.JPG,1,0.96601903
G0090213.JPG,1,0.90569025
G0090214.JPG,1,0.943945
G0090215.JPG,1,0.93104786
G0090216.JPG,1,0.9528005
G0090217.JPG,1,0.8560191
G0090218.JPG,1,0.923645
G0090220.JPG,1,0.87466305
G0090222.JPG,1,0.8665288
G0090223.JPG,1,0.5828365
G0090227.JPG,1,0.6955607
G0090228.JPG,1,0.6777678
G0090229.JPG,1,0.88361615
G0090230.JPG,1,0.85200167
G0090231.JPG,1,0.7758727
G0090232.JPG,1,0.7539716
G0090246.JPG,1,0.50610644
G0090264.JPG,1,0.80168873
G0090265.JPG,1,0.71991724
G0090266.JPG,1,0.9426347
G0090267.JPG,1,0.9577682
G0090296.JPG,1,0.7312778
G0090297.JPG,1,0.53018564
G0090298.JPG,1,0.7861265
G0090299.JPG,1,0.74922085
G0090301.JPG,1,0.640245
G0090314.JPG,1,0.9670999
G0090315.JPG,1,0.9858817
G0090339.JPG,1,0.78690916
G0090340.JPG,1,0.66301197
G0090352.JPG,1,0.61776567
G0090353.JPG,1,0.69664603
G0090361.JPG,1,0.9185248
G0090362.JPG,1,0.94226253
G0090363.JPG,1,0.88726526
G0090374.JPG,1,0.8766187
G0090375.JPG,1,0.9039722
G0090380.JPG,1,0.9611245
G0090381.JPG,1,0.97713363
G0090382.JPG,1,0.9506511
G0090383.JPG,1,0.9754127
G0090384.JPG,1,0.9643111
G0090385.JPG,1,0.9636072
G0090386.JPG,1,0.9615495
G0090388.JPG,1,0.96889025
G0090389.JPG,1,0.8855945
G0090390.JPG,1,0.78820187
G0090391.JPG,1,0.9797489
G0090392.JPG,1,0.96990025
G0090431.JPG,0,0.3764504
G0090432.JPG,0,0.1992885
G0090433.JPG,0,0.12961863
G0090434.JPG,0,0.21925163
G0090452.JPG,1,0.6504367
G0090454.JPG,1,0.7346236
G0090455.JPG,1,0.76451564
G0090471.JPG,1,0.58763117
G0090472.JPG,1,0.6917514
G0090473.JPG,1,0.8041219
G0090474.JPG,1,0.93017256
G0090568.JPG,1,0.85495603
G0094400.JPG,0,0.14863048
G0094401.JPG,0,0.167965
G0094402.JPG,0,0.14659686
G0094403.JPG,1,0.55390847
G0094404.JPG,1,0.9141199
G0094405.JPG,1,0.8095616
G0094406.JPG,1,0.87310076
G0094408.JPG,1,0.7550432
G0094409.JPG,1,0.67914027
G0094422.JPG,1,0.7886
G0094423.JPG,0,0.48694617
G0094425.JPG,1,0.57865846
G0094447.JPG,1,0.7898222
G0094448.JPG,1,0.7284765
G0094449.JPG,1,0.93862855
G0094451.JPG,1,0.9012808
G0094454.JPG,1,0.9514608
G0094455.JPG,1,0.7844674
G0094456.JPG,1,0.92679673
G0094457.JPG,1,0.9457982
G0094458.JPG,1,0.9334989
G0094459.JPG,1,0.9759922
G0094462.JPG,1,0.7919836
G0094463.JPG,1,0.9703344
G0094478.JPG,1,0.962966
G0094479.JPG,1,0.89722514
G0094482.JPG,1,0.9291422
G0094484.JPG,1,0.96282226
G0094485.JPG,1,0.9516286
G0094499.JPG,1,0.88985413
G0095119.JPG,1,0.95619154
G0095122.JPG,1,0.9132552
G0095123.JPG,1,0.6603022
G0101486.JPG,1,0.5651131
G0101514.JPG,1,0.6080361
G0101524.JPG,1,0.64163005
G0104407.JPG,0,0.15670823
G0104410.JPG,0,0.26887727
G0104511.JPG,1,0.9437133
G0104532.JPG,1,0.79501295
G0104533.JPG,1,0.8384047
G0105208.JPG,1,0.94189245
G0105238.JPG,1,0.9471347
G0105243.JPG,1,0.95944005
G0111596.JPG,1,0.7820209
G0114439.JPG,0,0.370495
G0114677.JPG,0,0.13826281
G0114678.JPG,1,0.53490204
G0114679.JPG,0,0.34687558
G0114680.JPG,1,0.66466576
G0114702.JPG,1,0.8621864
G0114703.JPG,1,0.6976094
G0114705.JPG,1,0.7858417
G0114706.JPG,1,0.6942716
G0114709.JPG,1,0.8359314
G0114710.JPG,1,0.8806124
G0114711.JPG,1,0.948203
G0114712.JPG,1,0.9628158
G0114732.JPG,1,0.93992776
G0114733.JPG,1,0.9369102
G0114816.JPG,0,0.2661018
G0114817.JPG,1,0.52823406
G0114949.JPG,1,0.78194803
G0114950.JPG,1,0.7510504
G0114964.JPG,1,0.9923689
G0114966.JPG,1,0.979681
G0114967.JPG,1,0.9892597
G0115386.JPG,1,0.9722109
G0125002.JPG,0,0.06489517
G0131802.JPG,1,0.8911242
G0131803.JPG,1,0.6486406
G0134474.JPG,0,0.2759716
G0134493.JPG,0,0.06956992
G0134494.JPG,0,0.2217916
G0134507.JPG,0,0.39246675
G0134508.JPG,0,0.10500066
G0134509.JPG,0,0.29312113
G0134510.JPG,1,0.7747014
G0134598.JPG,1,0.6471288
G0135100.JPG,1,0.667361
G0135101.JPG,1,0.90950596
G0135102.JPG,1,0.79364884
G0141814.JPG,1,0.99278545
G0141815.JPG,1,0.9944178
G0144759.JPG,0,0.28042325
G0145139.JPG,1,0.8805165
G0145140.JPG,1,0.925949
G0145142.JPG,1,0.9791672
G0145143.JPG,1,0.9869218
G0145144.JPG,1,0.9773356
G0145163.JPG,1,0.976173
G0145164.JPG,1,0.8415588
G0145166.JPG,1,0.893901
G0145175.JPG,1,0.9674916
G0145176.JPG,1,0.98946637
G0145177.JPG,1,0.9929912
G0151834.JPG,1,0.99202853
G0255299.JPG,0,0.25582573
G0255300.JPG,0,0.38541993
G0255301.JPG,0,0.12040655
G0255303.JPG,1,0.6266285
G0255304.JPG,0,0.479817
G0255305.JPG,0,0.36929786
G0255315.JPG,0,0.42172804
G0255316.JPG,0,0.4570134
G0255317.JPG,0,0.28169075
G0255323.JPG,0,0.11651668
G0265336.JPG,0,0.012082387
G0265337.JPG,0,0.01691003
G0265338.JPG,0,0.06920643
G0265341.JPG,0,0.016272759
G0265342.JPG,0,0.028351141
G0265343.JPG,0,0.007429101
G0265344.JPG,0,0.007991869
G0265345.JPG,0,0.028056074
G0267325.JPG,0,0.49850968
G0267326.JPG,1,0.72751415
G0267327.JPG,1,0.65439796
G0267328.JPG,0,0.2242508
G0307782.JPG,0,0.21552879
G0325471.JPG,0,0.123014055
G0325472.JPG,0,0.13707912
G0325473.JPG,0,0.14019686
G0325474.JPG,0,0.13948737
G0325475.JPG,0,0.2053112
G0325476.JPG,0,0.27161348
G0325477.JPG,0,0.13973205
G0325479.JPG,0,0.049756143
G0335487.JPG,0,0.40311986
G0335488.JPG,0,0.28296345
G0335489.JPG,0,0.4504565
G0335490.JPG,1,0.5747498
G0335491.JPG,0,0.3447941
G0335492.JPG,0,0.22320229
G0335493.JPG,1,0.62699664
G0335494.JPG,1,0.55224293
G0345516.JPG,1,0.50792384
G0345521.JPG,0,0.108848415
G0345522.JPG,0,0.2395525
G0345523.JPG,0,0.30888808
G0345524.JPG,0,0.27184227
G0348187.JPG,1,0.823829
G0365555.JPG,0,0.24615419
G0365559.JPG,0,0.36431256
G0365572.JPG,0,0.33873105
G0365585.JPG,0,0.08272769
G0398363.JPG,1,0.96097714
G0405628.JPG,0,0.49626267
G0415653.JPG,0,0.13517475
G0415665.JPG,0,0.041076876
G0435674.JPG,0,0.10834223
G0435676.JPG,0,0.15681416
G0435677.JPG,0,0.08714118
G0435687.JPG,0,0.0053223735
G0445697.JPG,0,0.19384046
G0449113.JPG,0,0.4048467
G0455713.JPG,0,0.29799217
G0455714.JPG,0,0.0788739
G0455715.JPG,0,0.13589084
G0459767.JPG,1,0.6535722
G0459768.JPG,1,0.68068624
G0465721.JPG,0,0.17373857
G0485739.JPG,0,0.011360118
G0485749.JPG,0,0.009026261
G0485750.JPG,0,0.00802314
G0485751.JPG,0,0.014266536
G0485752.JPG,0,0.04690426
G0485753.JPG,0,0.016609192
G0485754.JPG,0,0.014599787
G0485755.JPG,0,0.021766195
G0485757.JPG,0,0.021025648
G0485760.JPG,0,0.08488365
G0485761.JPG,0,0.055697516
G0485762.JPG,0,0.040607292
G0485763.JPG,0,0.025853207
G0485764.JPG,0,0.017379623
G0485766.JPG,0,0.1916984
G0485767.JPG,0,0.14420125
G0485768.JPG,0,0.13941301
G0485769.JPG,0,0.19577727
G0485771.JPG,0,0.12740968
G0485772.JPG,0,0.08271939
G0485773.JPG,0,0.024596758
G0485775.JPG,0,0.015550508
G0485776.JPG,0,0.009697155
G0485778.JPG,0,0.0018144136
G0485779.JPG,0,0.0066489317
G0485780.JPG,0,0.006056727
G0485781.JPG,0,0.012781401
G0485782.JPG,0,0.0054638125
G0485783.JPG,0,0.009401291
G0485784.JPG,0,0.010086539
G0485786.JPG,0,0.04164016
G0485787.JPG,0,0.009742865
G0485790.JPG,0,0.050008066
G0485791.JPG,0,0.030103156
G0485792.JPG,0,0.025090571
G0485793.JPG,0,0.0058523957
G0485794.JPG,0,0.0072832005
G0485796.JPG,0,0.06409194
G0485797.JPG,0,0.010791717
G0485803.JPG,0,0.009735207
G0485805.JPG,0,0.006436255
G0485808.JPG,0,0.0193134
G0485809.JPG,0,0.0020486766
G0485810.JPG,0,0.011588462
G0485811.JPG,0,0.018712087
G0485812.JPG,0,0.0062468043
G0485813.JPG,0,0.0127734365
G0485814.JPG,0,0.0058200588
G0485815.JPG,0,0.009551394
G0485818.JPG,0,0.0036146306
G0485819.JPG,0,0.006792878
G0485820.JPG,0,0.008218224
G0485821.JPG,0,0.009149772
G0485822.JPG,0,0.0044033392
G0485823.JPG,0,0.005665085
G0485824.JPG,0,0.004487969
G0485825.JPG,0,0.003678453
G0485826.JPG,0,0.0056975945
G0485827.JPG,0,0.005260957
G0485829.JPG,0,0.0043614483
G0485830.JPG,0,0.0034658862
G0485833.JPG,0,0.0063923784
G0485834.JPG,0,0.012166376
G0485836.JPG,0,0.025826192
G0485839.JPG,0,0.020671032
G0485841.JPG,0,0.035458867
G0485842.JPG,0,0.027309574
G0485843.JPG,0,0.014795157
G0485844.JPG,0,0.017478528
G0485845.JPG,0,0.005620135
G0485846.JPG,0,0.0017224712
G0485847.JPG,0,0.002450938
G0485848.JPG,0,0.0044526393
G0485849.JPG,0,0.003421613
G0485850.JPG,0,0.0046839807
G0485852.JPG,0,0.0059602717
G0485853.JPG,0,0.0052301367
G0485854.JPG,0,0.02585208
G0485855.JPG,0,0.0699505
G0485856.JPG,0,0.20672639
G0485857.JPG,0,0.120359614
G0485859.JPG,0,0.040242024
G0485860.JPG,0,0.06826762
G0485862.JPG,0,0.055079184
G0485863.JPG,0,0.028595015
G0495885.JPG,0,0.05820721
G0495886.JPG,0,0.05842085
G0495887.JPG,0,0.019303784
G0495890.JPG,0,0.01111927
G0495891.JPG,0,0.013772094
G0495893.JPG,0,0.021403369
G0495894.JPG,0,0.028472649
G0495898.JPG,0,0.061458074
G0505905.JPG,0,0.16259885
G0515929.JPG,0,0.03779412
G0515930.JPG,0,0.09110992
G9028413.JPG,1,0.9416826
G9028754.JPG,0,0.33449164
G9028898.JPG,1,0.96406955
G9029451.JPG,1,0.6761319
